{
	"format_version": "1.9.0",
	"credit": "Made with Blockbench",
	"texture_size": [32, 32],
	"textures": {
		"0": "./anim_texture",
		"1": "./body_texture",
		"particle": "./anim_texture"
	},
	"elements": [
		{
			"from": [7, -15.9, 7],
			"to": [9, -14.5, 9],
			"rotation": {"angle": 0, "axis": "y", "origin": [7, -15.5, 7]},
			"faces": {
				"north": {"uv": [4.5, 7, 5.5, 7.6875], "texture": "#1"},
				"east": {"uv": [7, 5, 8, 5.6875], "texture": "#1"},
				"south": {"uv": [7, 6, 8, 6.6875], "texture": "#1"},
				"west": {"uv": [6.5, 7, 7.5, 7.6875], "texture": "#1"},
				"up": {"uv": [7.5, 4, 6.5, 3], "texture": "#1"},
				"down": {"uv": [7.5, 4, 6.5, 5], "texture": "#1"}
			}
		},
		{
			"from": [8, -14.5, 8],
			"to": [8.975, -14.325, 8.975],
			"rotation": {"angle": 0, "axis": "y", "origin": [7, -14.1, 7]},
			"faces": {
				"north": {"uv": [13, 7.5, 13.5, 7.5625], "texture": "#1"},
				"east": {"uv": [8, 13, 8.5, 13.0625], "texture": "#1"},
				"south": {"uv": [13, 8, 13.5, 8.0625], "texture": "#1"},
				"west": {"uv": [8.5, 13, 9, 13.0625], "texture": "#1"},
				"up": {"uv": [8, 5, 7.5, 4.5], "texture": "#1"},
				"down": {"uv": [10, 0, 9.5, 0.5], "texture": "#1"}
			}
		},
		{
			"from": [8, -14.25, 7.325],
			"to": [8.675, -13.925, 8],
			"rotation": {"angle": 0, "axis": "y", "origin": [8.4125, -14.25, 7.5875]},
			"faces": {
				"north": {"uv": [12.5, 5.5, 12.8125, 5.6875], "texture": "#1"},
				"east": {"uv": [12.5, 6, 12.8125, 6.1875], "texture": "#1"},
				"south": {"uv": [12.5, 6.5, 12.8125, 6.6875], "texture": "#1"},
				"west": {"uv": [12.5, 7, 12.8125, 7.1875], "texture": "#1"},
				"up": {"uv": [11.3125, 3.3125, 11, 3], "texture": "#1"},
				"down": {"uv": [11.8125, 3, 11.5, 3.3125], "texture": "#1"}
			}
		},
		{
			"from": [8, -14.325, 7.175],
			"to": [8.825, -14.25, 8],
			"rotation": {"angle": 0, "axis": "y", "origin": [8.4125, -14.25, 7.5875]},
			"faces": {
				"north": {"uv": [13.5, 10, 13.9375, 10.0625], "texture": "#1"},
				"east": {"uv": [10.5, 13.5, 10.9375, 13.5625], "texture": "#1"},
				"south": {"uv": [13.5, 10.5, 13.9375, 10.5625], "texture": "#1"},
				"west": {"uv": [11, 13.5, 11.4375, 13.5625], "texture": "#1"},
				"up": {"uv": [10.4375, 4.4375, 10, 4], "texture": "#1"},
				"down": {"uv": [10.4375, 4.5, 10, 4.9375], "texture": "#1"}
			}
		},
		{
			"from": [7.325, -14.25, 7.325],
			"to": [8, -13.925, 8],
			"rotation": {"angle": 0, "axis": "y", "origin": [7.5875, -14.25, 7.5875]},
			"faces": {
				"north": {"uv": [12.5, 7.5, 12.8125, 7.6875], "texture": "#1"},
				"east": {"uv": [12.5, 8, 12.8125, 8.1875], "texture": "#1"},
				"south": {"uv": [8.5, 12.5, 8.8125, 12.6875], "texture": "#1"},
				"west": {"uv": [12.5, 8.5, 12.8125, 8.6875], "texture": "#1"},
				"up": {"uv": [4.3125, 11.8125, 4, 11.5], "texture": "#1"},
				"down": {"uv": [11.8125, 4, 11.5, 4.3125], "texture": "#1"}
			}
		},
		{
			"from": [7.025, -14.5, 7.025],
			"to": [8, -14.325, 8],
			"rotation": {"angle": 0, "axis": "y", "origin": [7.5875, -14.25, 7.5875]},
			"faces": {
				"north": {"uv": [13, 8.5, 13.5, 8.5625], "texture": "#1"},
				"east": {"uv": [9, 13, 9.5, 13.0625], "texture": "#1"},
				"south": {"uv": [13, 9, 13.5, 9.0625], "texture": "#1"},
				"west": {"uv": [13, 9.5, 13.5, 9.5625], "texture": "#1"},
				"up": {"uv": [10, 1, 9.5, 0.5], "texture": "#1"},
				"down": {"uv": [10, 1, 9.5, 1.5], "texture": "#1"}
			}
		},
		{
			"from": [7.325, -14.25, 8],
			"to": [8, -13.925, 8.675],
			"rotation": {"angle": 0, "axis": "y", "origin": [7.5875, -14.25, 8.4125]},
			"faces": {
				"north": {"uv": [12.5, 9, 12.8125, 9.1875], "texture": "#1"},
				"east": {"uv": [12.5, 9.5, 12.8125, 9.6875], "texture": "#1"},
				"south": {"uv": [12.5, 10, 12.8125, 10.1875], "texture": "#1"},
				"west": {"uv": [10.5, 12.5, 10.8125, 12.6875], "texture": "#1"},
				"up": {"uv": [11.8125, 4.8125, 11.5, 4.5], "texture": "#1"},
				"down": {"uv": [11.8125, 5, 11.5, 5.3125], "texture": "#1"}
			}
		},
		{
			"from": [7.175, -14.325, 8],
			"to": [8, -14.25, 8.825],
			"rotation": {"angle": 0, "axis": "y", "origin": [7.5875, -14.25, 8.4125]},
			"faces": {
				"north": {"uv": [13.5, 11, 13.9375, 11.0625], "texture": "#1"},
				"east": {"uv": [11.5, 13.5, 11.9375, 13.5625], "texture": "#1"},
				"south": {"uv": [13.5, 11.5, 13.9375, 11.5625], "texture": "#1"},
				"west": {"uv": [12, 13.5, 12.4375, 13.5625], "texture": "#1"},
				"up": {"uv": [10.4375, 5.4375, 10, 5], "texture": "#1"},
				"down": {"uv": [5.9375, 10, 5.5, 10.4375], "texture": "#1"}
			}
		},
		{
			"from": [7.025, -14.5, 8],
			"to": [8, -14.325, 8.975],
			"rotation": {"angle": 0, "axis": "y", "origin": [7.5875, -14.25, 8.4125]},
			"faces": {
				"north": {"uv": [10, 13, 10.5, 13.0625], "texture": "#1"},
				"east": {"uv": [13, 10, 13.5, 10.0625], "texture": "#1"},
				"south": {"uv": [10.5, 13, 11, 13.0625], "texture": "#1"},
				"west": {"uv": [13, 10.5, 13.5, 10.5625], "texture": "#1"},
				"up": {"uv": [2, 10, 1.5, 9.5], "texture": "#1"},
				"down": {"uv": [10, 1.5, 9.5, 2], "texture": "#1"}
			}
		},
		{
			"from": [7.175, -14.325, 7.175],
			"to": [8, -14.25, 8],
			"rotation": {"angle": 0, "axis": "y", "origin": [7.5875, -14.25, 7.5875]},
			"faces": {
				"north": {"uv": [13.5, 12, 13.9375, 12.0625], "texture": "#1"},
				"east": {"uv": [12.5, 13.5, 12.9375, 13.5625], "texture": "#1"},
				"south": {"uv": [13.5, 12.5, 13.9375, 12.5625], "texture": "#1"},
				"west": {"uv": [13, 13.5, 13.4375, 13.5625], "texture": "#1"},
				"up": {"uv": [10.4375, 5.9375, 10, 5.5], "texture": "#1"},
				"down": {"uv": [6.4375, 10, 6, 10.4375], "texture": "#1"}
			}
		},
		{
			"from": [8, -14.5, 7.025],
			"to": [8.975, -14.325, 8],
			"rotation": {"angle": 0, "axis": "y", "origin": [8.4125, -14.25, 7.5875]},
			"faces": {
				"north": {"uv": [13, 11, 13.5, 11.0625], "texture": "#1"},
				"east": {"uv": [11.5, 13, 12, 13.0625], "texture": "#1"},
				"south": {"uv": [13, 11.5, 13.5, 11.5625], "texture": "#1"},
				"west": {"uv": [13, 12, 13.5, 12.0625], "texture": "#1"},
				"up": {"uv": [2.5, 10, 2, 9.5], "texture": "#1"},
				"down": {"uv": [3, 9.5, 2.5, 10], "texture": "#1"}
			}
		},
		{
			"from": [8, -14.325, 8],
			"to": [8.825, -14.25, 8.825],
			"rotation": {"angle": 0, "axis": "y", "origin": [7, -13.925, 7]},
			"faces": {
				"north": {"uv": [13.5, 13, 13.9375, 13.0625], "texture": "#1"},
				"east": {"uv": [13.5, 13.5, 13.9375, 13.5625], "texture": "#1"},
				"south": {"uv": [0, 14, 0.4375, 14.0625], "texture": "#1"},
				"west": {"uv": [14, 0, 14.4375, 0.0625], "texture": "#1"},
				"up": {"uv": [10.4375, 6.4375, 10, 6], "texture": "#1"},
				"down": {"uv": [10.4375, 6.5, 10, 6.9375], "texture": "#1"}
			}
		},
		{
			"from": [8, -14.25, 8],
			"to": [8.675, -13.925, 8.675],
			"rotation": {"angle": 0, "axis": "y", "origin": [7, -13.85, 7]},
			"faces": {
				"north": {"uv": [12.5, 10.5, 12.8125, 10.6875], "texture": "#1"},
				"east": {"uv": [12.5, 11, 12.8125, 11.1875], "texture": "#1"},
				"south": {"uv": [12.5, 11.5, 12.8125, 11.6875], "texture": "#1"},
				"west": {"uv": [12.5, 12, 12.8125, 12.1875], "texture": "#1"},
				"up": {"uv": [11.8125, 5.8125, 11.5, 5.5], "texture": "#1"},
				"down": {"uv": [11.8125, 6, 11.5, 6.3125], "texture": "#1"}
			}
		},
		{
			"from": [8.1, -10.2, 8.55],
			"to": [8.7, -8.3, 9.15],
			"rotation": {"angle": 45, "axis": "y", "origin": [8, -11, 9.25]},
			"faces": {
				"north": {"uv": [9, 5, 9.3125, 5.9375], "texture": "#1"},
				"east": {"uv": [5.5, 9, 5.8125, 9.9375], "texture": "#1"},
				"south": {"uv": [6, 9, 6.3125, 9.9375], "texture": "#1"},
				"west": {"uv": [9, 7, 9.3125, 7.9375], "texture": "#1"},
				"up": {"uv": [11.8125, 6.8125, 11.5, 6.5], "texture": "#1"},
				"down": {"uv": [11.8125, 8, 11.5, 8.3125], "texture": "#1"}
			}
		},
		{
			"from": [7.3, -14.5, 7.3],
			"to": [8.7, -8.2, 8.7],
			"rotation": {"angle": 45, "axis": "y", "origin": [8, -13.5, 8]},
			"faces": {
				"north": {"uv": [2, 0, 2.6875, 3.125], "texture": "#1"},
				"east": {"uv": [3, 0, 3.6875, 3.125], "texture": "#1"},
				"south": {"uv": [0, 3.5, 0.6875, 6.625], "texture": "#1"},
				"west": {"uv": [1, 3.5, 1.6875, 6.625], "texture": "#1"},
				"up": {"uv": [9.1875, 0.6875, 8.5, 0], "texture": "#1"},
				"down": {"uv": [9.1875, 1, 8.5, 1.6875], "texture": "#1"}
			}
		},
		{
			"from": [7.05, -8.175, 10.289],
			"to": [8.725, -8.025, 10.989],
			"rotation": {"angle": -45, "axis": "y", "origin": [8.46412, -8.1, 10.06296]},
			"faces": {
				"north": {"uv": [13, 6, 13.8125, 6.0625], "texture": "#1"},
				"east": {"uv": [1.5, 14, 1.875, 14.0625], "texture": "#1"},
				"south": {"uv": [6.5, 13, 7.3125, 13.0625], "texture": "#1"},
				"west": {"uv": [14, 1.5, 14.375, 1.5625], "texture": "#1"},
				"up": {"uv": [9.8125, 3.375, 9, 3], "texture": "#1"},
				"down": {"uv": [9.8125, 3.5, 9, 3.875], "texture": "#1"}
			}
		},
		{
			"from": [8.19755, -8.175, 9.23603],
			"to": [9.22255, -8.025, 10.23603],
			"rotation": {"angle": -45, "axis": "y", "origin": [8.64755, -8.1, 9.43603]},
			"faces": {
				"north": {"uv": [13, 12.5, 13.5, 12.5625], "texture": "#1"},
				"east": {"uv": [13, 13, 13.5, 13.0625], "texture": "#1"},
				"south": {"uv": [0, 13.5, 0.5, 13.5625], "texture": "#1"},
				"west": {"uv": [13.5, 0, 14, 0.0625], "texture": "#1"},
				"up": {"uv": [3.5, 10, 3, 9.5], "texture": "#1"},
				"down": {"uv": [4, 9.5, 3.5, 10], "texture": "#1"}
			}
		},
		{
			"from": [8.01386, -8.175, 5.45271],
			"to": [8.71386, -8.025, 7.12771],
			"rotation": {"angle": 45, "axis": "y", "origin": [7.93934, -8.1, 6.12745]},
			"faces": {
				"north": {"uv": [2, 14, 2.375, 14.0625], "texture": "#1"},
				"east": {"uv": [13, 6.5, 13.8125, 6.5625], "texture": "#1"},
				"south": {"uv": [14, 2, 14.375, 2.0625], "texture": "#1"},
				"west": {"uv": [13, 7, 13.8125, 7.0625], "texture": "#1"},
				"up": {"uv": [0.375, 9.8125, 0, 9], "texture": "#1"},
				"down": {"uv": [9.375, 4, 9, 4.8125], "texture": "#1"}
			}
		},
		{
			"from": [7.01482, -8.175, 5.45219],
			"to": [8.01482, -8.025, 6.47719],
			"rotation": {"angle": 45, "axis": "y", "origin": [7.93934, -8.1, 6.12745]},
			"faces": {
				"north": {"uv": [0.5, 13.5, 1, 13.5625], "texture": "#1"},
				"east": {"uv": [13.5, 0.5, 14, 0.5625], "texture": "#1"},
				"south": {"uv": [1, 13.5, 1.5, 13.5625], "texture": "#1"},
				"west": {"uv": [13.5, 1, 14, 1.0625], "texture": "#1"},
				"up": {"uv": [4.5, 10, 4, 9.5], "texture": "#1"},
				"down": {"uv": [10, 4, 9.5, 4.5], "texture": "#1"}
			}
		},
		{
			"from": [6.8, -8.2, 6.3],
			"to": [9.2, -8, 9.7],
			"rotation": {"angle": 0, "axis": "y", "origin": [8, -8.1, 8]},
			"faces": {
				"north": {"uv": [10.5, 7, 11.6875, 7.125], "texture": "#1"},
				"east": {"uv": [1.5, 10, 3.1875, 10.125], "texture": "#1"},
				"south": {"uv": [10.5, 7.5, 11.6875, 7.625], "texture": "#1"},
				"west": {"uv": [10, 3.5, 11.6875, 3.625], "texture": "#1"},
				"up": {"uv": [3.1875, 5.1875, 2, 3.5], "texture": "#1"},
				"down": {"uv": [4.6875, 3.5, 3.5, 5.1875], "texture": "#1"}
			}
		},
		{
			"from": [7.85, 1.4, 7.45],
			"to": [8.15, 4.15, 9.1],
			"rotation": {"angle": 0, "axis": "y", "origin": [7, 1.4, 7]},
			"faces": {
				"north": {"uv": [10, 7, 10.125, 8.375], "texture": "#1"},
				"east": {"uv": [2, 5.5, 2.8125, 6.875], "texture": "#1"},
				"south": {"uv": [10, 8.5, 10.125, 9.875], "texture": "#1"},
				"west": {"uv": [3, 5.5, 3.8125, 6.875], "texture": "#1"},
				"up": {"uv": [11.125, 5.8125, 11, 5], "texture": "#1"},
				"down": {"uv": [5.625, 11, 5.5, 11.8125], "texture": "#1"}
			}
		},
		{
			"from": [8.15, -8.1, 7.8],
			"to": [8.25, -1.1, 8.75],
			"rotation": {"angle": 0, "axis": "y", "origin": [7.3, -8.1, 7]},
			"faces": {
				"north": {"uv": [6.5, 9.5, 6.5625, 13], "texture": "#1"},
				"east": {"uv": [4, 0, 4.5, 3.5], "texture": "#1"},
				"south": {"uv": [7, 9.5, 7.0625, 13], "texture": "#1"},
				"west": {"uv": [4.5, 0, 5, 3.5], "texture": "#1"},
				"up": {"uv": [1.5625, 14, 1.5, 13.5], "texture": "#1"},
				"down": {"uv": [13.5625, 1.5, 13.5, 2], "texture": "#1"}
			}
		},
		{
			"from": [8.15, -1.1, 7.9],
			"to": [8.25, 1.4, 8.85],
			"rotation": {"angle": 0, "axis": "y", "origin": [7.3, -1.1, 7]},
			"faces": {
				"north": {"uv": [1, 12, 1.0625, 13.25], "texture": "#1"},
				"east": {"uv": [6, 7.5, 6.5, 8.75], "texture": "#1"},
				"south": {"uv": [1.5, 12, 1.5625, 13.25], "texture": "#1"},
				"west": {"uv": [7.5, 7, 8, 8.25], "texture": "#1"},
				"up": {"uv": [2.0625, 14, 2, 13.5], "texture": "#1"},
				"down": {"uv": [13.5625, 2, 13.5, 2.5], "texture": "#1"}
			}
		},
		{
			"from": [8.15, 1.4, 8],
			"to": [8.25, 4.1, 8.95],
			"rotation": {"angle": 0, "axis": "y", "origin": [7.3, 1.4, 7]},
			"faces": {
				"north": {"uv": [11.5, 8.5, 11.5625, 9.875], "texture": "#1"},
				"east": {"uv": [7.5, 0, 8, 1.375], "texture": "#1"},
				"south": {"uv": [10, 11.5, 10.0625, 12.875], "texture": "#1"},
				"west": {"uv": [7.5, 1.5, 8, 2.875], "texture": "#1"},
				"up": {"uv": [2.5625, 14, 2.5, 13.5], "texture": "#1"},
				"down": {"uv": [13.5625, 2.5, 13.5, 3], "texture": "#1"}
			}
		},
		{
			"from": [8.15, 4.1, 8.1],
			"to": [8.25, 5.9, 9.05],
			"rotation": {"angle": 0, "axis": "y", "origin": [7.3, 4.1, 7]},
			"faces": {
				"north": {"uv": [12.5, 12.5, 12.5625, 13.375], "texture": "#1"},
				"east": {"uv": [8.5, 2, 9, 2.875], "texture": "#1"},
				"south": {"uv": [13, 0, 13.0625, 0.875], "texture": "#1"},
				"west": {"uv": [8.5, 3, 9, 3.875], "texture": "#1"},
				"up": {"uv": [3.0625, 14, 3, 13.5], "texture": "#1"},
				"down": {"uv": [13.5625, 3, 13.5, 3.5], "texture": "#1"}
			}
		},
		{
			"from": [7.75, 4.1, 8.1],
			"to": [7.85, 5.9, 9.05],
			"rotation": {"angle": 0, "axis": "y", "origin": [8.7, 4.1, 7]},
			"faces": {
				"north": {"uv": [13, 1, 13.0625, 1.875], "texture": "#1"},
				"east": {"uv": [8.5, 4, 9, 4.875], "texture": "#1"},
				"south": {"uv": [13, 2, 13.0625, 2.875], "texture": "#1"},
				"west": {"uv": [8.5, 5, 9, 5.875], "texture": "#1"},
				"up": {"uv": [3.5625, 14, 3.5, 13.5], "texture": "#1"},
				"down": {"uv": [13.5625, 3.5, 13.5, 4], "texture": "#1"}
			}
		},
		{
			"from": [7.85, 5.9, 7.7],
			"to": [8.15, 8.4, 9.35],
			"rotation": {"angle": 0, "axis": "y", "origin": [9, 5.9, 7.15]},
			"faces": {
				"north": {"uv": [10, 10, 10.125, 11.25], "texture": "#1"},
				"east": {"uv": [5.5, 3, 6.3125, 4.25], "texture": "#1"},
				"south": {"uv": [10.5, 0, 10.625, 1.25], "texture": "#1"},
				"west": {"uv": [4, 5.5, 4.8125, 6.75], "texture": "#1"},
				"up": {"uv": [11.125, 6.8125, 11, 6], "texture": "#1"},
				"down": {"uv": [11.125, 8, 11, 8.8125], "texture": "#1"}
			}
		},
		{
			"from": [8.15, 5.9, 8.25],
			"to": [8.25, 8.35, 9.2],
			"rotation": {"angle": 0, "axis": "y", "origin": [7.3, 5.85, 7.15]},
			"faces": {
				"north": {"uv": [12, 1.5, 12.0625, 2.75], "texture": "#1"},
				"east": {"uv": [8, 0, 8.5, 1.25], "texture": "#1"},
				"south": {"uv": [2, 12, 2.0625, 13.25], "texture": "#1"},
				"west": {"uv": [8, 1.5, 8.5, 2.75], "texture": "#1"},
				"up": {"uv": [4.0625, 14, 4, 13.5], "texture": "#1"},
				"down": {"uv": [13.5625, 4, 13.5, 4.5], "texture": "#1"}
			}
		},
		{
			"from": [7.75, 5.9, 8.25],
			"to": [7.85, 8.35, 9.2],
			"rotation": {"angle": 0, "axis": "y", "origin": [8.7, 5.85, 7.15]},
			"faces": {
				"north": {"uv": [2.5, 12, 2.5625, 13.25], "texture": "#1"},
				"east": {"uv": [2.5, 8, 3, 9.25], "texture": "#1"},
				"south": {"uv": [3, 12, 3.0625, 13.25], "texture": "#1"},
				"west": {"uv": [3, 8, 3.5, 9.25], "texture": "#1"},
				"up": {"uv": [4.5625, 14, 4.5, 13.5], "texture": "#1"},
				"down": {"uv": [13.5625, 4.5, 13.5, 5], "texture": "#1"}
			}
		},
		{
			"from": [7.85, 8.4, 7.95],
			"to": [8.15, 10.9, 9.6],
			"rotation": {"angle": 0, "axis": "y", "origin": [9, 8.4, 7.4]},
			"faces": {
				"north": {"uv": [0.5, 10.5, 0.625, 11.75], "texture": "#1"},
				"east": {"uv": [5.5, 4.5, 6.3125, 5.75], "texture": "#1"},
				"south": {"uv": [1, 10.5, 1.125, 11.75], "texture": "#1"},
				"west": {"uv": [5.5, 6, 6.3125, 7.25], "texture": "#1"},
				"up": {"uv": [11.125, 9.8125, 11, 9], "texture": "#1"},
				"down": {"uv": [9.625, 11, 9.5, 11.8125], "texture": "#1"}
			}
		},
		{
			"from": [8.15, 8.35, 8.5],
			"to": [8.25, 10.9, 9.45],
			"rotation": {"angle": 0, "axis": "y", "origin": [7.3, 8.35, 7.4]},
			"faces": {
				"north": {"uv": [12, 3, 12.0625, 4.25], "texture": "#1"},
				"east": {"uv": [8, 3, 8.5, 4.25], "texture": "#1"},
				"south": {"uv": [4, 12, 4.0625, 13.25], "texture": "#1"},
				"west": {"uv": [3.5, 8, 4, 9.25], "texture": "#1"},
				"up": {"uv": [5.0625, 14, 5, 13.5], "texture": "#1"},
				"down": {"uv": [13.5625, 5, 13.5, 5.5], "texture": "#1"}
			}
		},
		{
			"from": [7.75, 8.35, 8.5],
			"to": [7.85, 10.9, 9.45],
			"rotation": {"angle": 0, "axis": "y", "origin": [8.7, 8.35, 7.4]},
			"faces": {
				"north": {"uv": [4.5, 12, 4.5625, 13.25], "texture": "#1"},
				"east": {"uv": [4, 8, 4.5, 9.25], "texture": "#1"},
				"south": {"uv": [12, 4.5, 12.0625, 5.75], "texture": "#1"},
				"west": {"uv": [4.5, 8, 5, 9.25], "texture": "#1"},
				"up": {"uv": [5.5625, 14, 5.5, 13.5], "texture": "#1"},
				"down": {"uv": [13.5625, 5.5, 13.5, 6], "texture": "#1"}
			}
		},
		{
			"from": [7.85, 10.9, 8.225],
			"to": [8.15, 13.4, 9.8],
			"rotation": {"angle": 0, "axis": "y", "origin": [9, 10.9, 7.6]},
			"faces": {
				"north": {"uv": [1.5, 10.5, 1.625, 11.75], "texture": "#1"},
				"east": {"uv": [6.5, 0, 7.3125, 1.25], "texture": "#1"},
				"south": {"uv": [10.5, 1.5, 10.625, 2.75], "texture": "#1"},
				"west": {"uv": [6.5, 1.5, 7.3125, 2.75], "texture": "#1"},
				"up": {"uv": [11.125, 10.8125, 11, 10], "texture": "#1"},
				"down": {"uv": [11.125, 11, 11, 11.8125], "texture": "#1"}
			}
		},
		{
			"from": [7.85, 13.375, 8.3],
			"to": [8.15, 14.2, 9.925],
			"rotation": {"angle": 0, "axis": "y", "origin": [9, 13.375, 7.6]},
			"faces": {
				"north": {"uv": [13, 3, 13.125, 3.4375], "texture": "#1"},
				"east": {"uv": [9, 2, 9.8125, 2.4375], "texture": "#1"},
				"south": {"uv": [13, 3.5, 13.125, 3.9375], "texture": "#1"},
				"west": {"uv": [9, 2.5, 9.8125, 2.9375], "texture": "#1"},
				"up": {"uv": [11.625, 0.8125, 11.5, 0], "texture": "#1"},
				"down": {"uv": [11.625, 1, 11.5, 1.8125], "texture": "#1"}
			}
		},
		{
			"from": [8.15, 10.85, 8.7],
			"to": [8.25, 13.4, 9.65],
			"rotation": {"angle": 0, "axis": "y", "origin": [7.3, 10.85, 7.6]},
			"faces": {
				"north": {"uv": [5, 12, 5.0625, 13.25], "texture": "#1"},
				"east": {"uv": [8, 4.5, 8.5, 5.75], "texture": "#1"},
				"south": {"uv": [5.5, 12, 5.5625, 13.25], "texture": "#1"},
				"west": {"uv": [5, 8, 5.5, 9.25], "texture": "#1"},
				"up": {"uv": [6.0625, 14, 6, 13.5], "texture": "#1"},
				"down": {"uv": [6.5625, 13.5, 6.5, 14], "texture": "#1"}
			}
		},
		{
			"from": [8.15, 13.35, 8.7],
			"to": [8.25, 13.95, 9.65],
			"rotation": {"angle": 0, "axis": "y", "origin": [7.3, 13.35, 7.6]},
			"faces": {
				"north": {"uv": [3, 14, 3.0625, 14.3125], "texture": "#1"},
				"east": {"uv": [2, 10.5, 2.5, 10.8125], "texture": "#1"},
				"south": {"uv": [14, 3, 14.0625, 3.3125], "texture": "#1"},
				"west": {"uv": [2.5, 10.5, 3, 10.8125], "texture": "#1"},
				"up": {"uv": [7.0625, 14, 7, 13.5], "texture": "#1"},
				"down": {"uv": [7.5625, 13.5, 7.5, 14], "texture": "#1"}
			}
		},
		{
			"from": [7.977, 12.825, 8.125],
			"to": [8.027, 16.975, 8.825],
			"rotation": {"angle": 22.5, "axis": "x", "origin": [8, 13.7, 8.525]},
			"faces": {
				"north": {"uv": [8, 10.5, 8.0625, 12.5625], "texture": "#1"},
				"east": {"uv": [1.5, 7, 1.875, 9.0625], "texture": "#1"},
				"south": {"uv": [10.5, 8, 10.5625, 10.0625], "texture": "#1"},
				"west": {"uv": [2, 7, 2.375, 9.0625], "texture": "#1"},
				"up": {"uv": [2.5625, 14.375, 2.5, 14], "texture": "#1"},
				"down": {"uv": [14.0625, 2.5, 14, 2.875], "texture": "#1"}
			}
		},
		{
			"from": [7.99, 16.90279, 9.36303],
			"to": [8.015, 17.72779, 11.36303],
			"rotation": {"angle": -45, "axis": "x", "origin": [7.975, 17.32779, 10.43803]},
			"faces": {
				"north": {"uv": [0.5, 14, 0.5625, 14.4375], "texture": "#1"},
				"east": {"uv": [8.5, 6, 9.5, 6.4375], "texture": "#1"},
				"south": {"uv": [14, 0.5, 14.0625, 0.9375], "texture": "#1"},
				"west": {"uv": [8.5, 6.5, 9.5, 6.9375], "texture": "#1"},
				"up": {"uv": [3.5625, 13.5, 3.5, 12.5], "texture": "#1"},
				"down": {"uv": [12.5625, 4.5, 12.5, 5.5], "texture": "#1"}
			}
		},
		{
			"from": [7.965, 13.8394, 10.19964],
			"to": [8.04, 17.8644, 11.02464],
			"rotation": {"angle": 22.5, "axis": "x", "origin": [8.0125, 16.9144, 10.57464]},
			"faces": {
				"north": {"uv": [8.5, 10.5, 8.5625, 12.5], "texture": "#1"},
				"east": {"uv": [6.5, 5, 6.9375, 7], "texture": "#1"},
				"south": {"uv": [10.5, 10.5, 10.5625, 12.5], "texture": "#1"},
				"west": {"uv": [0, 7, 0.4375, 9], "texture": "#1"},
				"up": {"uv": [1.0625, 14.4375, 1, 14], "texture": "#1"},
				"down": {"uv": [14.0625, 1, 14, 1.4375], "texture": "#1"}
			}
		},
		{
			"from": [7.95, 10.9, 7.825],
			"to": [8.05, 13.05, 8.225],
			"rotation": {"angle": 0, "axis": "x", "origin": [8, 11.45, 8.225]},
			"faces": {
				"north": {"uv": [12.5, 1.5, 12.5625, 2.5625], "texture": "#1"},
				"east": {"uv": [3.5, 10, 3.6875, 11.0625], "texture": "#1"},
				"south": {"uv": [12.5, 3, 12.5625, 4.0625], "texture": "#1"},
				"west": {"uv": [4, 10, 4.1875, 11.0625], "texture": "#1"},
				"up": {"uv": [4.5625, 14.1875, 4.5, 14], "texture": "#1"},
				"down": {"uv": [14.0625, 4.5, 14, 4.6875], "texture": "#1"}
			}
		},
		{
			"from": [7.95, 8.4, 7.625],
			"to": [8.05, 10.9, 7.95],
			"rotation": {"angle": 0, "axis": "y", "origin": [8, 8.975, 8.025]},
			"faces": {
				"north": {"uv": [6, 12, 6.0625, 13.25], "texture": "#1"},
				"east": {"uv": [4.5, 9.5, 4.6875, 10.75], "texture": "#1"},
				"south": {"uv": [12, 6, 12.0625, 7.25], "texture": "#1"},
				"west": {"uv": [9.5, 4.5, 9.6875, 5.75], "texture": "#1"},
				"up": {"uv": [5.0625, 14.1875, 5, 14], "texture": "#1"},
				"down": {"uv": [14.0625, 5, 14, 5.1875], "texture": "#1"}
			}
		},
		{
			"from": [7.95, 5.9, 7.375],
			"to": [8.05, 8.4, 7.7],
			"rotation": {"angle": 0, "axis": "y", "origin": [8, 6.475, 7.775]},
			"faces": {
				"north": {"uv": [7.5, 12, 7.5625, 13.25], "texture": "#1"},
				"east": {"uv": [5, 9.5, 5.1875, 10.75], "texture": "#1"},
				"south": {"uv": [12, 7.5, 12.0625, 8.75], "texture": "#1"},
				"west": {"uv": [9.5, 6, 9.6875, 7.25], "texture": "#1"},
				"up": {"uv": [5.5625, 14.1875, 5.5, 14], "texture": "#1"},
				"down": {"uv": [14.0625, 5.5, 14, 5.6875], "texture": "#1"}
			}
		},
		{
			"from": [7.95, 4.15, 7.25],
			"to": [8.05, 5.9, 7.55],
			"rotation": {"angle": 0, "axis": "y", "origin": [8, 4.725, 7.65]},
			"faces": {
				"north": {"uv": [13, 4, 13.0625, 4.875], "texture": "#1"},
				"east": {"uv": [2.5, 11, 2.625, 11.875], "texture": "#1"},
				"south": {"uv": [13, 5, 13.0625, 5.875], "texture": "#1"},
				"west": {"uv": [11, 4, 11.125, 4.875], "texture": "#1"},
				"up": {"uv": [6.5625, 14.125, 6.5, 14], "texture": "#1"},
				"down": {"uv": [14.0625, 6.5, 14, 6.625], "texture": "#1"}
			}
		},
		{
			"from": [7.95, 1.4, 7.05],
			"to": [8.05, 4.15, 7.45],
			"rotation": {"angle": 0, "axis": "y", "origin": [8, 1.975, 7.4]},
			"faces": {
				"north": {"uv": [11.5, 10, 11.5625, 11.375], "texture": "#1"},
				"east": {"uv": [8, 9, 8.1875, 10.375], "texture": "#1"},
				"south": {"uv": [11.5, 11.5, 11.5625, 12.875], "texture": "#1"},
				"west": {"uv": [9, 8, 9.1875, 9.375], "texture": "#1"},
				"up": {"uv": [6.0625, 14.1875, 6, 14], "texture": "#1"},
				"down": {"uv": [14.0625, 6, 14, 6.1875], "texture": "#1"}
			}
		},
		{
			"from": [7.95, -1.1, 6.875],
			"to": [8.05, 1.4, 7.15],
			"rotation": {"angle": 0, "axis": "y", "origin": [8, -0.525, 7.4]},
			"faces": {
				"north": {"uv": [12, 9, 12.0625, 10.25], "texture": "#1"},
				"east": {"uv": [3, 10.5, 3.125, 11.75], "texture": "#1"},
				"south": {"uv": [9.5, 12, 9.5625, 13.25], "texture": "#1"},
				"west": {"uv": [10.5, 4, 10.625, 5.25], "texture": "#1"},
				"up": {"uv": [7.0625, 14.125, 7, 14], "texture": "#1"},
				"down": {"uv": [14.0625, 7, 14, 7.125], "texture": "#1"}
			}
		},
		{
			"from": [7.95, -8.125, 6.75],
			"to": [8.05, -1.1, 7.2],
			"rotation": {"angle": 0, "axis": "y", "origin": [8, -3.025, 7.15]},
			"faces": {
				"north": {"uv": [9.5, 7.5, 9.5625, 11], "texture": "#1"},
				"east": {"uv": [0.5, 7, 0.75, 10.5], "texture": "#1"},
				"south": {"uv": [9, 9.5, 9.0625, 13], "texture": "#1"},
				"west": {"uv": [1, 7, 1.25, 10.5], "texture": "#1"},
				"up": {"uv": [4.0625, 14.25, 4, 14], "texture": "#1"},
				"down": {"uv": [14.0625, 4, 14, 4.25], "texture": "#1"}
			}
		},
		{
			"from": [7.75, 13.35, 8.7],
			"to": [7.85, 13.95, 9.65],
			"rotation": {"angle": 0, "axis": "y", "origin": [6.9, 13.35, 7.6]},
			"faces": {
				"north": {"uv": [3.5, 14, 3.5625, 14.3125], "texture": "#1"},
				"east": {"uv": [10.5, 3, 11, 3.3125], "texture": "#1"},
				"south": {"uv": [14, 3.5, 14.0625, 3.8125], "texture": "#1"},
				"west": {"uv": [5.5, 10.5, 6, 10.8125], "texture": "#1"},
				"up": {"uv": [13.5625, 8, 13.5, 7.5], "texture": "#1"},
				"down": {"uv": [8.0625, 13.5, 8, 14], "texture": "#1"}
			}
		},
		{
			"from": [7.75, 10.85, 8.7],
			"to": [7.85, 13.4, 9.65],
			"rotation": {"angle": 0, "axis": "y", "origin": [8.7, 10.85, 7.6]},
			"faces": {
				"north": {"uv": [12, 10.5, 12.0625, 11.75], "texture": "#1"},
				"east": {"uv": [8, 6, 8.5, 7.25], "texture": "#1"},
				"south": {"uv": [11, 12, 11.0625, 13.25], "texture": "#1"},
				"west": {"uv": [6.5, 8, 7, 9.25], "texture": "#1"},
				"up": {"uv": [13.5625, 8.5, 13.5, 8], "texture": "#1"},
				"down": {"uv": [8.5625, 13.5, 8.5, 14], "texture": "#1"}
			}
		},
		{
			"from": [7.85, -8.1, 7.05],
			"to": [8.15, -1.1, 8.9],
			"rotation": {"angle": 0, "axis": "y", "origin": [8, -4.6, 7.975]},
			"faces": {
				"north": {"uv": [8.5, 7, 8.625, 10.5], "texture": "#1"},
				"east": {"uv": [0, 0, 0.9375, 3.5], "texture": "#1"},
				"south": {"uv": [7.5, 8.5, 7.625, 12], "texture": "#1"},
				"west": {"uv": [1, 0, 1.9375, 3.5], "texture": "#1"},
				"up": {"uv": [11.125, 0.9375, 11, 0], "texture": "#1"},
				"down": {"uv": [11.125, 1, 11, 1.9375], "texture": "#1"}
			}
		},
		{
			"from": [7.85, -1.1, 7.15],
			"to": [8.15, 1.4, 9],
			"rotation": {"angle": 0, "axis": "y", "origin": [9, -1.1, 7]},
			"faces": {
				"north": {"uv": [10.5, 5.5, 10.625, 6.75], "texture": "#1"},
				"east": {"uv": [5.5, 0, 6.4375, 1.25], "texture": "#1"},
				"south": {"uv": [6, 10.5, 6.125, 11.75], "texture": "#1"},
				"west": {"uv": [5.5, 1.5, 6.4375, 2.75], "texture": "#1"},
				"up": {"uv": [2.125, 11.9375, 2, 11], "texture": "#1"},
				"down": {"uv": [11.125, 2, 11, 2.9375], "texture": "#1"}
			}
		},
		{
			"from": [7.75, -8.1, 7.8],
			"to": [7.85, -1.1, 8.75],
			"rotation": {"angle": 0, "axis": "y", "origin": [8.7, -8.1, 7]},
			"faces": {
				"north": {"uv": [0, 10, 0.0625, 13.5], "texture": "#1"},
				"east": {"uv": [5, 0, 5.5, 3.5], "texture": "#1"},
				"south": {"uv": [10, 0, 10.0625, 3.5], "texture": "#1"},
				"west": {"uv": [5, 3.5, 5.5, 7], "texture": "#1"},
				"up": {"uv": [13.5625, 9, 13.5, 8.5], "texture": "#1"},
				"down": {"uv": [9.0625, 13.5, 9, 14], "texture": "#1"}
			}
		},
		{
			"from": [7.75, -1.1, 7.9],
			"to": [7.85, 1.4, 8.85],
			"rotation": {"angle": 0, "axis": "y", "origin": [8.7, -1.1, 7]},
			"faces": {
				"north": {"uv": [12, 12, 12.0625, 13.25], "texture": "#1"},
				"east": {"uv": [7, 8, 7.5, 9.25], "texture": "#1"},
				"south": {"uv": [12.5, 0, 12.5625, 1.25], "texture": "#1"},
				"west": {"uv": [8, 7.5, 8.5, 8.75], "texture": "#1"},
				"up": {"uv": [13.5625, 9.5, 13.5, 9], "texture": "#1"},
				"down": {"uv": [9.5625, 13.5, 9.5, 14], "texture": "#1"}
			}
		},
		{
			"from": [7.75, 1.4, 8],
			"to": [7.85, 4.1, 8.95],
			"rotation": {"angle": 0, "axis": "y", "origin": [8.7, 1.4, 7]},
			"faces": {
				"north": {"uv": [12, 0, 12.0625, 1.375], "texture": "#1"},
				"east": {"uv": [7.5, 3, 8, 4.375], "texture": "#1"},
				"south": {"uv": [0.5, 12, 0.5625, 13.375], "texture": "#1"},
				"west": {"uv": [5.5, 7.5, 6, 8.875], "texture": "#1"},
				"up": {"uv": [13.5625, 10, 13.5, 9.5], "texture": "#1"},
				"down": {"uv": [10.0625, 13.5, 10, 14], "texture": "#1"}
			}
		},
		{
			"from": [7.85, 4.15, 7.55],
			"to": [8.15, 5.9, 9.2],
			"rotation": {"angle": 0, "axis": "y", "origin": [9, 4.15, 7]},
			"faces": {
				"north": {"uv": [4.5, 11, 4.625, 11.875], "texture": "#1"},
				"east": {"uv": [2.5, 7, 3.3125, 7.875], "texture": "#1"},
				"south": {"uv": [5, 11, 5.125, 11.875], "texture": "#1"},
				"west": {"uv": [3.5, 7, 4.3125, 7.875], "texture": "#1"},
				"up": {"uv": [11.625, 2.8125, 11.5, 2], "texture": "#1"},
				"down": {"uv": [3.625, 11.5, 3.5, 12.3125], "texture": "#1"}
			}
		},
		{
			"name": "anim",
			"from": [7.475, -8.1, 6.675],
			"to": [8.575, 12.8, 9.925],
			"rotation": {"angle": 0, "axis": "y", "origin": [7, -8.1, 6.75]},
			"faces": {
				"north": {"uv": [4, 0, 4.5625, 10.4375], "texture": "#0"},
				"east": {"uv": [0.125, 0, 1.75, 10.4375], "texture": "#0"},
				"south": {"uv": [5, 0, 5.5625, 10.4375], "texture": "#0"},
				"west": {"uv": [2, 0, 3.625, 10.4375], "texture": "#0"},
				"up": {"uv": [15.8125, 16, 15.25, 14.375], "texture": "#0"},
				"down": {"uv": [16, 14.375, 15.4375, 16], "texture": "#0"}
			}
		}
	],
	"display": {
		"thirdperson_righthand": {
			"rotation": [0, 19, 2],
			"translation": [0, 25, 1.5],
			"scale": [0.7, 1.35, 0.7]
		},
		"thirdperson_lefthand": {
			"rotation": [-137.5, 0, 0],
			"translation": [-1, -14.75, -11.75],
			"scale": [0.7, 1.35, 0.7]
		},
		"firstperson_righthand": {
			"rotation": [20.75, -13, -11],
			"translation": [6, 16, 2],
			"scale": [0.7, 1, 0.8]
		},
		"firstperson_lefthand": {
			"rotation": [156, -175, 0],
			"translation": [-0.75, -9, 9.25],
			"scale": [1, 0.9, 1]
		},
		"ground": {
			"translation": [0, 29, 0],
			"scale": [0.8, 1.45, 0.9]
		},
		"gui": {
			"rotation": [-91.82, -46.7, -91.32],
			"translation": [5.5, 5.75, 0],
			"scale": [0.77, 1.05, 0.77]
		},
		"head": {
			"translation": [0, 17.75, 0]
		},
		"fixed": {
			"rotation": [-90, 50, 90],
			"translation": [-7.25, 7.5, -0.5],
			"scale": [0.8, 1.45, 0.9]
		}
	},
	"groups": [
		{
			"name": "ryk",
			"origin": [8, 3, 8],
			"color": 0,
			"children": [0, 1, 2, 3, 4, 5, 6, 7, 8, 9, 10, 11, 12, 13, 14]
		},
		{
			"name": "garda",
			"origin": [8.01412, 8.4, 10.88796],
			"color": 0,
			"children": [15, 16, 17, 18, 19]
		},
		{
			"name": "lesvie",
			"origin": [8.6, 8.4, 7],
			"color": 0,
			"children": [20, 21, 22, 23, 24, 25, 26, 27, 28, 29, 30, 31, 32, 33, 34, 35, 36, 37, 38, 39, 40, 41, 42, 43, 44, 45, 46, 47, 48, 49, 50, 51, 52, 53]
		},
		54
	]
}