{
	"credit": "Made with Blockbench",
	"textures": {
		"0": "block/glass",
		"2": "block/beer",
		"particle": "block/glass"
	},
	"elements": [
		{
			"name": "beer",
			"from": [4.8, 1, 6],
			"to": [10.2, 6, 11],
			"faces": {
				"north": {"uv": [0, 0, 5, 5], "texture": "#2"},
				"east": {"uv": [0, 5, 5, 10], "texture": "#2"},
				"south": {"uv": [5, 0, 10, 5], "texture": "#2"},
				"west": {"uv": [5, 5, 10, 10], "texture": "#2"},
				"up": {"uv": [5, 15, 0, 10], "texture": "#2"},
				"down": {"uv": [15, 0, 10, 5], "texture": "#2"}
			}
		},
		{
			"from": [7, 2, 3.4],
			"to": [8, 5.1, 4],
			"faces": {
				"north": {"uv": [0, 0, 1, 3.1], "texture": "#0"},
				"east": {"uv": [0, 0, 0.6, 3.1], "texture": "#0"},
				"south": {"uv": [0, 0, 1, 3.1], "texture": "#0"},
				"west": {"uv": [0, 0, 0.6, 3.1], "texture": "#0"},
				"up": {"uv": [0, 0, 1, 0.6], "texture": "#0"},
				"down": {"uv": [0, 0, 1, 0.6], "texture": "#0"}
			}
		},
		{
			"from": [7, 1.3, 4],
			"to": [8, 2.1, 5],
			"faces": {
				"north": {"uv": [0, 0, 1, 0.8], "texture": "#0"},
				"east": {"uv": [0, 0, 1, 0.8], "texture": "#0"},
				"south": {"uv": [0, 0, 1, 0.8], "texture": "#0"},
				"west": {"uv": [0, 0, 1, 0.8], "texture": "#0"},
				"up": {"uv": [0, 0, 1, 1], "texture": "#0"},
				"down": {"uv": [0, 0, 1, 1], "texture": "#0"}
			}
		},
		{
			"from": [7, 5, 4],
			"to": [8, 5.8, 5],
			"faces": {
				"north": {"uv": [0, 0, 1, 0.8], "texture": "#0"},
				"east": {"uv": [0, 0, 1, 0.8], "texture": "#0"},
				"south": {"uv": [0, 0, 1, 0.8], "texture": "#0"},
				"west": {"uv": [0, 0, 1, 0.8], "texture": "#0"},
				"up": {"uv": [0, 0, 1, 1], "texture": "#0"},
				"down": {"uv": [0, 0, 1, 1], "texture": "#0"}
			}
		},
		{
			"from": [4.8, 1, 11],
			"to": [10.2, 7, 12],
			"faces": {
				"north": {"uv": [0, 3, 2.5, 6], "texture": "#0"},
				"east": {"uv": [6, 6, 6.5, 9], "texture": "#0"},
				"south": {"uv": [2.5, 3, 5, 6], "texture": "#0"},
				"west": {"uv": [6.5, 6, 7, 9], "texture": "#0"},
				"up": {"uv": [10, 6.5, 7.5, 6], "texture": "#0"},
				"down": {"uv": [10, 6.5, 7.5, 7], "texture": "#0"}
			}
		},
		{
			"from": [4.8, 1, 5],
			"to": [10.2, 7, 6],
			"faces": {
				"north": {"uv": [0, 0, 2.5, 3], "texture": "#0"},
				"east": {"uv": [5, 6, 5.5, 9], "texture": "#0"},
				"south": {"uv": [2.5, 0, 5, 3], "texture": "#0"},
				"west": {"uv": [5.5, 6, 6, 9], "texture": "#0"},
				"up": {"uv": [10, 5.5, 7.5, 5], "texture": "#0"},
				"down": {"uv": [10, 5.5, 7.5, 6], "texture": "#0"}
			}
		},
		{
			"from": [4.8, 0, 6],
			"to": [10.2, 1, 11],
			"faces": {
				"north": {"uv": [7.5, 3, 10, 3.5], "texture": "#0"},
				"east": {"uv": [7.5, 3.5, 10, 4], "texture": "#0"},
				"south": {"uv": [7.5, 4, 10, 4.5], "texture": "#0"},
				"west": {"uv": [7.5, 4.5, 10, 5], "texture": "#0"},
				"up": {"uv": [2.5, 8.5, 0, 6], "texture": "#0"},
				"down": {"uv": [5, 6, 2.5, 8.5], "texture": "#0"}
			}
		},
		{
			"from": [10.2, 1, 6],
			"to": [11, 7, 11],
			"faces": {
				"north": {"uv": [0, 0, 0.8, 6], "texture": "#0"},
				"east": {"uv": [0, 0, 5, 6], "texture": "#0"},
				"south": {"uv": [0, 0, 0.8, 6], "texture": "#0"},
				"west": {"uv": [0, 0, 5, 6], "texture": "#0"},
				"up": {"uv": [0, 0, 0.8, 5], "texture": "#0"},
				"down": {"uv": [0, 0, 0.8, 5], "texture": "#0"}
			}
		},
		{
			"from": [4, 1, 6],
			"to": [4.8, 7, 11],
			"faces": {
				"north": {"uv": [0, 0, 0.8, 6], "texture": "#0"},
				"east": {"uv": [0, 0, 5, 6], "texture": "#0"},
				"south": {"uv": [0, 0, 0.8, 6], "texture": "#0"},
				"west": {"uv": [0, 0, 5, 6], "texture": "#0"},
				"up": {"uv": [0, 0, 0.8, 5], "texture": "#0"},
				"down": {"uv": [0, 0, 0.8, 5], "texture": "#0"}
			}
		},
		{
			"name": "beer 2",
			"from": [7.1, 6, 6.6],
			"to": [8.6, 6.3, 7.7],
			"faces": {
				"north": {"uv": [14.5, 13.7, 16, 16], "texture": "#2"},
				"east": {"uv": [14.9, 13.7, 16, 16], "texture": "#2"},
				"south": {"uv": [14.5, 13.7, 16, 16], "texture": "#2"},
				"west": {"uv": [14.9, 13.7, 16, 16], "texture": "#2"},
				"up": {"uv": [14.5, 12.9, 16, 16], "texture": "#2"},
				"down": {"uv": [14.5, 12.9, 16, 16], "texture": "#2"}
			}
		},
		{
			"name": "beer 2",
			"from": [6.4, 6, 6.6],
			"to": [7.1, 6.1, 8.8],
			"faces": {
				"north": {"uv": [12, 8, 12.7, 8.1], "texture": "#2"},
				"east": {"uv": [12, 8, 14.2, 8.1], "texture": "#2"},
				"south": {"uv": [12, 8, 12.7, 8.1], "texture": "#2"},
				"west": {"uv": [12, 8, 14.2, 8.1], "texture": "#2"},
				"up": {"uv": [12, 8, 12.7, 10.2], "texture": "#2"},
				"down": {"uv": [12, 8, 12.7, 10.2], "texture": "#2"}
			}
		},
		{
			"name": "beer 2",
			"from": [7.9, 6, 7.7],
			"to": [9.5, 6.1, 8.8],
			"faces": {
				"north": {"uv": [14.4, 11, 16, 11.1], "texture": "#2"},
				"east": {"uv": [14.4, 11, 15.5, 11.1], "texture": "#2"},
				"south": {"uv": [14.4, 11, 16, 11.1], "texture": "#2"},
				"west": {"uv": [14.4, 11, 15.5, 11.1], "texture": "#2"},
				"up": {"uv": [14.4, 11, 16, 12.1], "texture": "#2"},
				"down": {"uv": [14.4, 11, 16, 12.1], "texture": "#2"}
			}
		}
	],
	"display": {
		"thirdperson_righthand": {
			"rotation": [65, -180, 0],
			"translation": [0, 4, 2.5],
			"scale": [0.8, 0.8, 0.8]
		},
		"thirdperson_lefthand": {
			"rotation": [65, -180, 0],
			"translation": [0, 4, 2.25],
			"scale": [0.8, 0.8, 0.8]
		},
		"firstperson_righthand": {
			"rotation": [10, -180, 0],
			"translation": [-0.25, 3.75, -2]
		},
		"firstperson_lefthand": {
			"rotation": [10, -180, 0],
			"translation": [-0.25, 3.75, -2]
		},
		"ground": {
			"translation": [0, 4.25, 0]
		},
		"gui": {
			"rotation": [21, 0, 0],
			"translation": [0.75, 4.25, 0],
			"scale": [1.3, 1.3, 1.3]
		},
		"fixed": {
			"translation": [1, 3.25, -1]
		}
	},
	"groups": [
		0,
		{
			"name": "group",
			"origin": [0, 0, 0],
			"color": 0,
			"children": [1, 2, 3, 4, 5, 6, 7, 8]
		},
		9,
		10,
		11
	]
}