{
	"credit": "Made with Blockbench",
	"texture_size": [8, 8],
	"textures": {
		"0": "lesvie",
		"2": "texture",
		"3": "texture1",
		"particle": "lesvie"
	},
	"elements": [
		{
			"from": [7.85, 0.175, 7.65],
			"to": [8, 12.1, 7.85],
			"rotation": {"angle": 0, "axis": "y", "origin": [0, -2.825, 0]},
			"faces": {
				"north": {"uv": [0, 6, 0.5, 12], "texture": "#0"},
				"east": {"uv": [6, 0, 6.5, 6], "texture": "#0"},
				"south": {"uv": [0.5, 6, 1, 12], "texture": "#0"},
				"west": {"uv": [1, 6, 1.5, 12], "texture": "#0"},
				"up": {"uv": [5, 6.5, 4.5, 6], "texture": "#0"},
				"down": {"uv": [5.5, 6, 5, 6.5], "texture": "#0"}
			}
		},
		{
			"from": [8.2, 0.175, 7.55],
			"to": [8.575, 12.1, 7.95],
			"rotation": {"angle": 0, "axis": "y", "origin": [0, -2.825, 0]},
			"faces": {
				"north": {"uv": [0, 0, 0.5, 6], "texture": "#0"},
				"east": {"uv": [0.5, 0, 1, 6], "texture": "#0"},
				"south": {"uv": [1, 0, 1.5, 6], "texture": "#0"},
				"west": {"uv": [1.5, 0, 2, 6], "texture": "#0"},
				"up": {"uv": [2, 6.5, 1.5, 6], "texture": "#0"},
				"down": {"uv": [2.5, 6, 2, 6.5], "texture": "#0"}
			}
		},
		{
			"from": [8.2, -0.125, 7.575],
			"to": [8.575, 0.175, 7.925],
			"rotation": {"angle": 0, "axis": "y", "origin": [0, -2.825, 0]},
			"faces": {
				"north": {"uv": [0, 0, 0.1875, 0.15], "texture": "#0"},
				"east": {"uv": [0, 0, 0.175, 0.15], "texture": "#0"},
				"south": {"uv": [0, 0, 0.1875, 0.15], "texture": "#0"},
				"west": {"uv": [0, 0, 0.175, 0.15], "texture": "#0"},
				"up": {"uv": [0, 0, 0.75, 0.7], "texture": "#missing"},
				"down": {"uv": [0, 0, 0.1875, 0.175], "texture": "#0"}
			}
		},
		{
			"from": [8.25, -0.225, 7.625],
			"to": [8.575, -0.125, 7.875],
			"rotation": {"angle": 0, "axis": "y", "origin": [0, -2.825, 0]},
			"faces": {
				"north": {"uv": [0, 0, 0.1625, 0.05], "texture": "#0"},
				"east": {"uv": [0, 0, 0.125, 0.05], "texture": "#0"},
				"south": {"uv": [0, 0, 0.1625, 0.05], "texture": "#0"},
				"west": {"uv": [0, 0, 0.125, 0.05], "texture": "#0"},
				"up": {"uv": [0, 0, 0.65, 0.5], "texture": "#missing"},
				"down": {"uv": [0, 0, 0.1625, 0.125], "texture": "#0"}
			}
		},
		{
			"from": [8, 0.175, 7.6],
			"to": [8.2, 12.1, 7.9],
			"rotation": {"angle": 0, "axis": "y", "origin": [0, -2.825, 0]},
			"faces": {
				"north": {"uv": [2, 0, 2.5, 6], "texture": "#0"},
				"east": {"uv": [2.5, 0, 3, 6], "texture": "#0"},
				"south": {"uv": [3, 0, 3.5, 6], "texture": "#0"},
				"west": {"uv": [3.5, 0, 4, 6], "texture": "#0"},
				"up": {"uv": [3, 6.5, 2.5, 6], "texture": "#0"},
				"down": {"uv": [3.5, 6, 3, 6.5], "texture": "#0"}
			}
		},
		{
			"from": [8.15, -0.3, 7.625],
			"to": [8.4, 0.125, 7.875],
			"rotation": {"angle": 45, "axis": "z", "origin": [8.1, -0.125, 7.775]},
			"faces": {
				"north": {"uv": [0, 0, 0.125, 0.2125], "texture": "#0"},
				"east": {"uv": [0, 0, 0.125, 0.2125], "texture": "#0"},
				"south": {"uv": [0, 0, 0.125, 0.2125], "texture": "#0"},
				"west": {"uv": [0, 0, 0.125, 0.2125], "texture": "#0"},
				"up": {"uv": [0, 0, 0.5, 0.5], "texture": "#missing"},
				"down": {"uv": [0, 0, 0.125, 0.125], "texture": "#0"}
			}
		},
		{
			"from": [8.15, 0.125, 7.65],
			"to": [8.4, 0.25, 7.85],
			"rotation": {"angle": 45, "axis": "z", "origin": [8.1, -0.125, 7.775]},
			"faces": {
				"north": {"uv": [0, 0, 0.125, 0.0625], "texture": "#0"},
				"east": {"uv": [0, 0, 0.1, 0.0625], "texture": "#0"},
				"south": {"uv": [0, 0, 0.125, 0.0625], "texture": "#0"},
				"west": {"uv": [0, 0, 0.1, 0.0625], "texture": "#0"},
				"up": {"uv": [0, 0, 0.5, 0.4], "texture": "#missing"},
				"down": {"uv": [0, 0, 0.125, 0.1], "texture": "#0"}
			}
		},
		{
			"from": [8.2, 0.275, 7.7],
			"to": [8.4, 0.375, 7.775],
			"rotation": {"angle": 45, "axis": "z", "origin": [8.1, -0.125, 7.775]},
			"faces": {
				"north": {"uv": [0, 0, 0.1, 0.05], "texture": "#0"},
				"east": {"uv": [0, 0, 0.0375, 0.05], "texture": "#0"},
				"south": {"uv": [0, 0, 0.1, 0.05], "texture": "#0"},
				"west": {"uv": [0, 0, 0.0375, 0.05], "texture": "#0"},
				"up": {"uv": [0, 0, 0.4, 0.15], "texture": "#missing"},
				"down": {"uv": [0, 0, 0.1, 0.0375], "texture": "#0"}
			}
		},
		{
			"from": [7.8, 0.3, 7.725],
			"to": [7.85, 12.1, 7.775],
			"rotation": {"angle": 0, "axis": "y", "origin": [0, -2.825, 0]},
			"faces": {
				"north": {"uv": [4, 0, 4.5, 6], "texture": "#0"},
				"east": {"uv": [4.5, 0, 5, 6], "texture": "#0"},
				"south": {"uv": [5, 0, 5.5, 6], "texture": "#0"},
				"west": {"uv": [5.5, 0, 6, 6], "texture": "#0"},
				"up": {"uv": [4, 6.5, 3.5, 6], "texture": "#0"},
				"down": {"uv": [4.5, 6, 4, 6.5], "texture": "#0"}
			}
		},
		{
			"from": [8.625, 12, 7.4],
			"to": [9.075, 12.2, 8.125],
			"faces": {
				"north": {"uv": [8, 8, 9, 8.5], "texture": "#3"},
				"east": {"uv": [6, 2, 7.5, 2.5], "texture": "#3"},
				"south": {"uv": [0, 10, 1, 10.5], "texture": "#3"},
				"west": {"uv": [4, 6, 5.5, 6.5], "texture": "#3"},
				"up": {"uv": [1, 1.5, 0, 0], "texture": "#3"},
				"down": {"uv": [1, 2, 0, 3.5], "texture": "#3"}
			}
		},
		{
			"from": [7.2, 12, 7.4],
			"to": [7.65, 12.2, 8.125],
			"faces": {
				"north": {"uv": [10, 0, 11, 0.5], "texture": "#3"},
				"east": {"uv": [6, 4, 7.5, 4.5], "texture": "#3"},
				"south": {"uv": [2, 10, 3, 10.5], "texture": "#3"},
				"west": {"uv": [6, 6, 7.5, 6.5], "texture": "#3"},
				"up": {"uv": [3, 1.5, 2, 0], "texture": "#3"},
				"down": {"uv": [3, 2, 2, 3.5], "texture": "#3"}
			}
		},
		{
			"from": [7.425, 12, 8.125],
			"to": [8.125, 12.2, 8.6],
			"faces": {
				"north": {"uv": [0, 8, 1.5, 8.5], "texture": "#3"},
				"east": {"uv": [10, 2, 11, 2.5], "texture": "#3"},
				"south": {"uv": [8, 0, 9.5, 0.5], "texture": "#3"},
				"west": {"uv": [4, 10, 5, 10.5], "texture": "#3"},
				"up": {"uv": [1.5, 5, 0, 4], "texture": "#3"},
				"down": {"uv": [5.5, 0, 4, 1], "texture": "#3"}
			}
		},
		{
			"from": [8.125, 12, 8.125],
			"to": [8.825, 12.2, 8.6],
			"faces": {
				"north": {"uv": [2, 8, 3.5, 8.5], "texture": "#3"},
				"east": {"uv": [10, 4, 11, 4.5], "texture": "#3"},
				"south": {"uv": [8, 2, 9.5, 2.5], "texture": "#3"},
				"west": {"uv": [6, 10, 7, 10.5], "texture": "#3"},
				"up": {"uv": [3.5, 5, 2, 4], "texture": "#3"},
				"down": {"uv": [5.5, 2, 4, 3], "texture": "#3"}
			}
		},
		{
			"from": [7.425, 12, 6.925],
			"to": [8.125, 12.2, 7.4],
			"faces": {
				"north": {"uv": [4, 8, 5.5, 8.5], "texture": "#3"},
				"east": {"uv": [10, 6, 11, 6.5], "texture": "#3"},
				"south": {"uv": [8, 4, 9.5, 4.5], "texture": "#3"},
				"west": {"uv": [8, 10, 9, 10.5], "texture": "#3"},
				"up": {"uv": [5.5, 5, 4, 4], "texture": "#3"},
				"down": {"uv": [1.5, 6, 0, 7], "texture": "#3"}
			}
		},
		{
			"from": [8.125, 12, 6.925],
			"to": [8.825, 12.2, 7.4],
			"faces": {
				"north": {"uv": [6, 8, 7.5, 8.5], "texture": "#3"},
				"east": {"uv": [10, 8, 11, 8.5], "texture": "#3"},
				"south": {"uv": [8, 6, 9.5, 6.5], "texture": "#3"},
				"west": {"uv": [10, 10, 11, 10.5], "texture": "#3"},
				"up": {"uv": [7.5, 1, 6, 0], "texture": "#3"},
				"down": {"uv": [3.5, 6, 2, 7], "texture": "#3"}
			}
		},
		{
			"from": [7.65, 12.025, 7.25],
			"to": [8.65, 12.25, 8.25],
			"faces": {
				"north": {"uv": [8, 10, 10, 10.5], "texture": "#2"},
				"east": {"uv": [10, 8, 12, 8.5], "texture": "#2"},
				"south": {"uv": [10, 10, 12, 10.5], "texture": "#2"},
				"west": {"uv": [12, 0, 14, 0.5], "texture": "#2"},
				"up": {"uv": [2, 10, 0, 8], "texture": "#2"},
				"down": {"uv": [10, 0, 8, 2], "texture": "#2"}
			}
		},
		{
			"from": [7.775, 12.25, 7.525],
			"to": [8.525, 15.5, 7.95],
			"faces": {
				"north": {"uv": [0, 0, 1.5, 6.5], "texture": "#2"},
				"east": {"uv": [4, 0, 4.75, 6.5], "texture": "#2"},
				"south": {"uv": [2, 0, 3.5, 6.5], "texture": "#2"},
				"west": {"uv": [6, 0, 6.75, 6.5], "texture": "#2"},
				"up": {"uv": [5.5, 10.75, 4, 10], "texture": "#2"},
				"down": {"uv": [11.5, 4, 10, 4.75], "texture": "#2"}
			}
		},
		{
			"from": [7.8, 15.5, 7.55],
			"to": [8.5, 16.8, 7.925],
			"faces": {
				"north": {"uv": [2, 8, 3.5, 10.5], "texture": "#2"},
				"east": {"uv": [8, 6, 8.75, 8.5], "texture": "#2"},
				"south": {"uv": [8, 2, 9.5, 4.5], "texture": "#2"},
				"west": {"uv": [0, 10, 0.75, 12.5], "texture": "#2"},
				"up": {"uv": [7.5, 10.75, 6, 10], "texture": "#2"},
				"down": {"uv": [11.5, 6, 10, 6.75], "texture": "#2"}
			}
		},
		{
			"from": [7.5787, 16.69244, 7.55],
			"to": [8.2287, 17.74244, 7.925],
			"rotation": {"angle": 22.5, "axis": "z", "origin": [8.13251, 17.43657, 7.7375]},
			"faces": {
				"north": {"uv": [4, 8, 5.25, 10], "texture": "#2"},
				"east": {"uv": [10, 0, 10.75, 2], "texture": "#2"},
				"south": {"uv": [6, 8, 7.25, 10], "texture": "#2"},
				"west": {"uv": [10, 2, 10.75, 4], "texture": "#2"},
				"up": {"uv": [3.25, 12.75, 2, 12], "texture": "#2"},
				"down": {"uv": [13.25, 2, 12, 2.75], "texture": "#2"}
			}
		},
		{
			"from": [7.4037, 17.74244, 7.675],
			"to": [8.1787, 17.96744, 7.75],
			"rotation": {"angle": 22.5, "axis": "z", "origin": [8.13251, 17.43657, 7.7375]},
			"faces": {
				"north": {"uv": [4, 12, 5.5, 12.5], "texture": "#2"},
				"east": {"uv": [8, 12, 8.25, 12.5], "texture": "#2"},
				"south": {"uv": [12, 4, 13.5, 4.5], "texture": "#2"},
				"west": {"uv": [12, 8, 12.25, 8.5], "texture": "#2"},
				"up": {"uv": [7.5, 12.25, 6, 12], "texture": "#2"},
				"down": {"uv": [13.5, 6, 12, 6.25], "texture": "#2"}
			}
		}
	],
	"display": {
		"thirdperson_righthand": {
			"rotation": [0, 90, 180],
			"translation": [0.25, 8, 0.75],
			"scale": [1.5, 1.5, 1.5]
		},
		"thirdperson_lefthand": {
			"rotation": [0, 90, 30],
			"translation": [-1.25, -7.75, -2],
			"scale": [1.5, 1.5, 1.5]
		},
		"firstperson_righthand": {
			"rotation": [0, 90, 176],
			"translation": [0, 6.5, 1.25],
			"scale": [1.5, 1.28, 1.23]
		},
		"firstperson_lefthand": {
			"rotation": [-24, 90, 0],
			"translation": [-2.75, -2.25, 5.25],
			"scale": [1.1, 1.26, 1.5]
		},
		"ground": {
			"translation": [0, 8.5, 0],
			"scale": [1.5, 1.5, 1.5]
		},
		"gui": {
			"rotation": [170, 139, 49],
			"scale": [1, 1.07, 1]
		},
		"fixed": {
			"rotation": [0, 90, 0],
			"scale": [1, 1.25, 1.01]
		}
	},
	"groups": [
		{
			"name": "group",
			"origin": [0, 0, 0],
			"color": 0,
			"children": [0, 1, 2, 3, 4, 5, 6, 7, 8]
		},
		{
			"name": "group",
			"origin": [0, 0, 0],
			"color": 0,
			"children": [9, 10, 11, 12, 13, 14]
		},
		{
			"name": "group",
			"origin": [8.13251, 17.43657, 7.7375],
			"color": 0,
			"children": [15, 16, 17, 18, 19]
		}
	]
}