{
	"format_version": "1.9.0",
	"credit": "Made with Blockbench",
	"texture_size": [32, 32],
	"textures": {
		"1": "./bodys"
	},
	"elements": [
		{
			"from": [7.75, 4.225, 7.65],
			"to": [8.25, 6.55, 8.35],
			"rotation": {"angle": 0, "axis": "y", "origin": [7, 4.225, 7]},
			"faces": {
				"north": {"uv": [2, 3, 2.25, 4.1875], "texture": "#1"},
				"east": {"uv": [2, 0, 2.375, 1.1875], "texture": "#1"},
				"south": {"uv": [3.5, 0, 3.75, 1.1875], "texture": "#1"},
				"west": {"uv": [2, 1.5, 2.375, 2.6875], "texture": "#1"},
				"up": {"uv": [6.75, 2.375, 6.5, 2], "texture": "#1"},
				"down": {"uv": [6.75, 2.5, 6.5, 2.875], "texture": "#1"}
			}
		},
		{
			"from": [7.7, 6.55, 7.6],
			"to": [8.3, 7.525, 8.4],
			"rotation": {"angle": 0, "axis": "y", "origin": [7, 6.55, 7]},
			"faces": {
				"north": {"uv": [5.5, 1.5, 5.8125, 2], "texture": "#1"},
				"east": {"uv": [4.5, 4.5, 4.875, 5], "texture": "#1"},
				"south": {"uv": [5.5, 2, 5.8125, 2.5], "texture": "#1"},
				"west": {"uv": [5, 0, 5.375, 0.5], "texture": "#1"},
				"up": {"uv": [6.3125, 2.375, 6, 2], "texture": "#1"},
				"down": {"uv": [6.3125, 2.5, 6, 2.875], "texture": "#1"}
			}
		},
		{
			"from": [7.75, 7.525, 6.675],
			"to": [8.25, 8.4, 8.475],
			"rotation": {"angle": 0, "axis": "y", "origin": [7, 7.525, 7]},
			"faces": {
				"north": {"uv": [4.5, 6, 4.75, 6.4375], "texture": "#1"},
				"east": {"uv": [2.5, 0, 3.375, 0.4375], "texture": "#1"},
				"south": {"uv": [6, 5, 6.25, 5.4375], "texture": "#1"},
				"west": {"uv": [2.5, 0.5, 3.375, 0.9375], "texture": "#1"},
				"up": {"uv": [4.75, 4.375, 4.5, 3.5], "texture": "#1"},
				"down": {"uv": [4.25, 4.5, 4, 5.375], "texture": "#1"}
			}
		},
		{
			"from": [7.8, 8.4, 7.6],
			"to": [8.2, 9.1, 8.4],
			"rotation": {"angle": 0, "axis": "y", "origin": [7, 8.375, 7]},
			"faces": {
				"north": {"uv": [7, 2, 7.1875, 2.375], "texture": "#1"},
				"east": {"uv": [5.5, 4, 5.875, 4.375], "texture": "#1"},
				"south": {"uv": [2.5, 7, 2.6875, 7.375], "texture": "#1"},
				"west": {"uv": [4.5, 5.5, 4.875, 5.875], "texture": "#1"},
				"up": {"uv": [7.1875, 2.875, 7, 2.5], "texture": "#1"},
				"down": {"uv": [3.1875, 7, 3, 7.375], "texture": "#1"}
			}
		},
		{
			"from": [7.825, 8.75, 6.925],
			"to": [8.175, 9.675, 7.725],
			"rotation": {"angle": 45, "axis": "x", "origin": [7, 8.15, 7.65]},
			"faces": {
				"north": {"uv": [6.5, 5, 6.6875, 5.4375], "texture": "#1"},
				"east": {"uv": [4.5, 5, 4.875, 5.4375], "texture": "#1"},
				"south": {"uv": [6.5, 5.5, 6.6875, 5.9375], "texture": "#1"},
				"west": {"uv": [5, 4.5, 5.375, 4.9375], "texture": "#1"},
				"up": {"uv": [7.1875, 3.375, 7, 3], "texture": "#1"},
				"down": {"uv": [7.1875, 3.5, 7, 3.875], "texture": "#1"}
			}
		},
		{
			"from": [7.975, 8.225, 7.575],
			"to": [8.025, 8.425, 8.2],
			"rotation": {"angle": -45, "axis": "x", "origin": [7, 8, 6.825]},
			"faces": {
				"north": {"uv": [8.5, 9, 8.5625, 9.125], "texture": "#1"},
				"east": {"uv": [3, 8, 3.3125, 8.125], "texture": "#1"},
				"south": {"uv": [9, 8.5, 9.0625, 8.625], "texture": "#1"},
				"west": {"uv": [8, 3, 8.3125, 3.125], "texture": "#1"},
				"up": {"uv": [1.5625, 9.3125, 1.5, 9], "texture": "#1"},
				"down": {"uv": [9.0625, 1.5, 9, 1.8125], "texture": "#1"}
			}
		},
		{
			"from": [7.825, 9.775, 7.35],
			"to": [8.175, 11.15, 7.85],
			"rotation": {"angle": 45, "axis": "x", "origin": [7, 9.175, 7.775]},
			"faces": {
				"north": {"uv": [6, 0, 6.1875, 0.6875], "texture": "#1"},
				"east": {"uv": [5, 2.5, 5.25, 3.1875], "texture": "#1"},
				"south": {"uv": [0.5, 6, 0.6875, 6.6875], "texture": "#1"},
				"west": {"uv": [5, 3.5, 5.25, 4.1875], "texture": "#1"},
				"up": {"uv": [7.6875, 7.25, 7.5, 7], "texture": "#1"},
				"down": {"uv": [7.6875, 7.5, 7.5, 7.75], "texture": "#1"}
			}
		},
		{
			"from": [7.85, 10.825, 8.4],
			"to": [8.15, 11.475, 8.8],
			"rotation": {"angle": 0, "axis": "x", "origin": [7, 10.225, 8.775]},
			"faces": {
				"north": {"uv": [3.5, 8, 3.625, 8.3125], "texture": "#1"},
				"east": {"uv": [7.5, 5, 7.6875, 5.3125], "texture": "#1"},
				"south": {"uv": [8, 3.5, 8.125, 3.8125], "texture": "#1"},
				"west": {"uv": [5.5, 7.5, 5.6875, 7.8125], "texture": "#1"},
				"up": {"uv": [4.625, 8.6875, 4.5, 8.5], "texture": "#1"},
				"down": {"uv": [8.625, 4.5, 8.5, 4.6875], "texture": "#1"}
			}
		},
		{
			"from": [7.875, 11.475, 8.4],
			"to": [8.125, 13.45, 8.8],
			"rotation": {"angle": 0, "axis": "x", "origin": [7, 10.875, 8.775]},
			"faces": {
				"north": {"uv": [6, 1, 6.125, 2], "texture": "#1"},
				"east": {"uv": [5, 0.5, 5.1875, 1.5], "texture": "#1"},
				"south": {"uv": [2, 6, 2.125, 7], "texture": "#1"},
				"west": {"uv": [5, 1.5, 5.1875, 2.5], "texture": "#1"},
				"up": {"uv": [8.625, 5.1875, 8.5, 5], "texture": "#1"},
				"down": {"uv": [5.625, 8.5, 5.5, 8.6875], "texture": "#1"}
			}
		},
		{
			"from": [7.9, 13.4, 8.675],
			"to": [8.1, 14.575, 9.075],
			"rotation": {"angle": -22.5, "axis": "x", "origin": [7, 12.8, 9.05]},
			"faces": {
				"north": {"uv": [4, 7, 4.125, 7.5625], "texture": "#1"},
				"east": {"uv": [6.5, 0, 6.6875, 0.5625], "texture": "#1"},
				"south": {"uv": [7, 4, 7.125, 4.5625], "texture": "#1"},
				"west": {"uv": [6.5, 1, 6.6875, 1.5625], "texture": "#1"},
				"up": {"uv": [6.125, 8.6875, 6, 8.5], "texture": "#1"},
				"down": {"uv": [8.625, 6, 8.5, 6.1875], "texture": "#1"}
			}
		},
		{
			"from": [7.925, 11.825, 7.675],
			"to": [8.075, 23.275, 8.675],
			"rotation": {"angle": 0, "axis": "x", "origin": [7, 12.8, 8.05]},
			"faces": {
				"north": {"uv": [2.5, 1, 2.5625, 6.75], "texture": "#1"},
				"east": {"uv": [0, 0, 0.5, 5.75], "texture": "#1"},
				"south": {"uv": [3, 1, 3.0625, 6.75], "texture": "#1"},
				"west": {"uv": [0.5, 0, 1, 5.75], "texture": "#1"},
				"up": {"uv": [8.0625, 8, 8, 7.5], "texture": "#1"},
				"down": {"uv": [8.0625, 8, 8, 8.5], "texture": "#1"}
			}
		},
		{
			"from": [7.95, 14.8, 7.525],
			"to": [8.05, 23.075, 7.675],
			"rotation": {"angle": 0, "axis": "x", "origin": [7, 12.8, 7.15]},
			"faces": {
				"north": {"uv": [1, 3.5, 1.0625, 7.625], "texture": "#1", "cullface": "north"},
				"east": {"uv": [1.5, 3.5, 1.5625, 7.625], "texture": "#1"},
				"south": {"uv": [3.5, 1.5, 3.5625, 5.625], "texture": "#1"},
				"west": {"uv": [4, 0, 4.0625, 4.125], "texture": "#1"},
				"up": {"uv": [9.5625, 1.5625, 9.5, 1.5], "texture": "#1"},
				"down": {"uv": [2.0625, 9.5, 2, 9.5625], "texture": "#1"}
			}
		},
		{
			"from": [7.95, 22.975, 7.6],
			"to": [8.05, 25.475, 8.55],
			"rotation": {"angle": 0, "axis": "x", "origin": [7, 23, 8.05]},
			"faces": {
				"north": {"uv": [7, 0, 7.0625, 1.25], "texture": "#1"},
				"east": {"uv": [1, 0, 1.5, 1.25], "texture": "#1"},
				"south": {"uv": [0.5, 7, 0.5625, 8.25], "texture": "#1"},
				"west": {"uv": [1.5, 0, 2, 1.25], "texture": "#1"},
				"up": {"uv": [8.5625, 0.5, 8.5, 0], "texture": "#1"},
				"down": {"uv": [0.5625, 8.5, 0.5, 9], "texture": "#1"}
			}
		},
		{
			"from": [7.975, 25.3, 8.175],
			"to": [8.025, 26.05, 8.9],
			"rotation": {"angle": 0, "axis": "x", "origin": [7, 25.325, 8.4]},
			"faces": {
				"north": {"uv": [6.5, 8.5, 6.5625, 8.875], "texture": "#1"},
				"east": {"uv": [5.5, 4.5, 5.875, 4.875], "texture": "#1"},
				"south": {"uv": [8.5, 6.5, 8.5625, 6.875], "texture": "#1"},
				"west": {"uv": [5.5, 5, 5.875, 5.375], "texture": "#1"},
				"up": {"uv": [8.5625, 7.375, 8.5, 7], "texture": "#1"},
				"down": {"uv": [7.5625, 8.5, 7.5, 8.875], "texture": "#1"}
			}
		},
		{
			"from": [7.975, 26.025, 8.525],
			"to": [8, 26.425, 9],
			"rotation": {"angle": 0, "axis": "x", "origin": [7, 26.05, 8.625]},
			"faces": {
				"north": {"uv": [7, 9, 7.0625, 9.1875], "texture": "#1"},
				"east": {"uv": [8, 0, 8.25, 0.1875], "texture": "#1"},
				"south": {"uv": [9, 7, 9.0625, 7.1875], "texture": "#1"},
				"west": {"uv": [8, 0.5, 8.25, 0.6875], "texture": "#1"},
				"up": {"uv": [3.5625, 9.25, 3.5, 9], "texture": "#1"},
				"down": {"uv": [9.0625, 3.5, 9, 3.75], "texture": "#1"}
			}
		},
		{
			"from": [7.975, 23.125, 7.375],
			"to": [8.025, 25.25, 7.575],
			"rotation": {"angle": 0, "axis": "x", "origin": [7, 23, 7.075]},
			"faces": {
				"north": {"uv": [0, 7.5, 0.0625, 8.5625], "texture": "#1"},
				"east": {"uv": [5.5, 5.5, 5.625, 6.5625], "texture": "#1"},
				"south": {"uv": [7.5, 0, 7.5625, 1.0625], "texture": "#1"},
				"west": {"uv": [0, 6, 0.125, 7.0625], "texture": "#1"},
				"up": {"uv": [9.0625, 9.125, 9, 9], "texture": "#1"},
				"down": {"uv": [0.0625, 9.5, 0, 9.625], "texture": "#1"}
			}
		},
		{
			"from": [7.95, 10.8, 6.975],
			"to": [8.05, 14.575, 7.65],
			"rotation": {"angle": 22.5, "axis": "x", "origin": [7, 11.775, 7.35]},
			"faces": {
				"north": {"uv": [6, 3, 6.0625, 4.875], "texture": "#1"},
				"east": {"uv": [1, 1.5, 1.3125, 3.375], "texture": "#1"},
				"south": {"uv": [3.5, 6, 3.5625, 7.875], "texture": "#1"},
				"west": {"uv": [1.5, 1.5, 1.8125, 3.375], "texture": "#1"},
				"up": {"uv": [2.0625, 9.3125, 2, 9], "texture": "#1"},
				"down": {"uv": [9.0625, 2, 9, 2.3125], "texture": "#1"}
			}
		},
		{
			"from": [7.975, 9.95, 5.7],
			"to": [8.025, 11.875, 6.15],
			"rotation": {"angle": 22.5, "axis": "x", "origin": [7, 9.525, 6.025]},
			"faces": {
				"north": {"uv": [7.5, 5.5, 7.5625, 6.4375], "texture": "#1"},
				"east": {"uv": [4.5, 0, 4.75, 0.9375], "texture": "#1"},
				"south": {"uv": [6.5, 7.5, 6.5625, 8.4375], "texture": "#1"},
				"west": {"uv": [4.5, 1, 4.75, 1.9375], "texture": "#1"},
				"up": {"uv": [4.0625, 9.25, 4, 9], "texture": "#1"},
				"down": {"uv": [9.0625, 4, 9, 4.25], "texture": "#1"}
			}
		},
		{
			"from": [7.975, 9.175, 8.175],
			"to": [8.025, 9.525, 8.9],
			"rotation": {"angle": -45, "axis": "x", "origin": [7, 9.175, 7.25]},
			"faces": {
				"north": {"uv": [7.5, 9, 7.5625, 9.1875], "texture": "#1"},
				"east": {"uv": [4.5, 7, 4.875, 7.1875], "texture": "#1"},
				"south": {"uv": [9, 7.5, 9.0625, 7.6875], "texture": "#1"},
				"west": {"uv": [5, 7, 5.375, 7.1875], "texture": "#1"},
				"up": {"uv": [8.5625, 7.875, 8.5, 7.5], "texture": "#1"},
				"down": {"uv": [8.0625, 8.5, 8, 8.875], "texture": "#1"}
			}
		},
		{
			"from": [7.825, 7.975, 8.45],
			"to": [8.175, 8.3, 9.25],
			"rotation": {"angle": 0, "axis": "y", "origin": [7, 7.575, 7.85]},
			"faces": {
				"north": {"uv": [8, 7, 8.1875, 7.1875], "texture": "#1"},
				"east": {"uv": [7, 5, 7.375, 5.1875], "texture": "#1"},
				"south": {"uv": [7.5, 8, 7.6875, 8.1875], "texture": "#1"},
				"west": {"uv": [5.5, 7, 5.875, 7.1875], "texture": "#1"},
				"up": {"uv": [7.1875, 5.875, 7, 5.5], "texture": "#1"},
				"down": {"uv": [7.1875, 6, 7, 6.375], "texture": "#1"}
			}
		},
		{
			"from": [7.975, 7.7, 8.65],
			"to": [8.025, 7.9, 9.15],
			"rotation": {"angle": -22.5, "axis": "x", "origin": [7, 7.175, 8.05]},
			"faces": {
				"north": {"uv": [9.5, 0, 9.5625, 0.125], "texture": "#1"},
				"east": {"uv": [8.5, 0.5, 8.75, 0.625], "texture": "#1"},
				"south": {"uv": [0.5, 9.5, 0.5625, 9.625], "texture": "#1"},
				"west": {"uv": [1, 8.5, 1.25, 8.625], "texture": "#1"},
				"up": {"uv": [4.5625, 9.25, 4.5, 9], "texture": "#1"},
				"down": {"uv": [9.0625, 4.5, 9, 4.75], "texture": "#1"}
			}
		},
		{
			"from": [7.85, 8.325, 8.975],
			"to": [8.15, 8.65, 9.775],
			"rotation": {"angle": 22.5, "axis": "x", "origin": [7, 7.925, 8.375]},
			"faces": {
				"north": {"uv": [8.5, 8, 8.625, 8.1875], "texture": "#1"},
				"east": {"uv": [7, 6.5, 7.375, 6.6875], "texture": "#1"},
				"south": {"uv": [8.5, 8.5, 8.625, 8.6875], "texture": "#1"},
				"west": {"uv": [7, 7, 7.375, 7.1875], "texture": "#1"},
				"up": {"uv": [1.125, 8.375, 1, 8], "texture": "#1"},
				"down": {"uv": [8.125, 1, 8, 1.375], "texture": "#1"}
			}
		},
		{
			"from": [7.875, 6.79679, 9.50095],
			"to": [8.125, 9.19679, 9.82595],
			"rotation": {"angle": -22.5, "axis": "x", "origin": [7, 8.825, 9.35]},
			"faces": {
				"north": {"uv": [5.5, 2.5, 5.625, 3.6875], "texture": "#1"},
				"east": {"uv": [2, 4.5, 2.1875, 5.6875], "texture": "#1"},
				"south": {"uv": [4, 5.5, 4.125, 6.6875], "texture": "#1"},
				"west": {"uv": [4.5, 2, 4.6875, 3.1875], "texture": "#1"},
				"up": {"uv": [0.125, 9.1875, 0, 9], "texture": "#1"},
				"down": {"uv": [9.125, 0, 9, 0.1875], "texture": "#1"}
			}
		},
		{
			"from": [7.925, 6.62179, 9.77595],
			"to": [8.075, 9.19679, 10.05095],
			"rotation": {"angle": -22.5, "axis": "x", "origin": [7, 8.825, 9.575]},
			"faces": {
				"north": {"uv": [6, 6.5, 6.0625, 7.8125], "texture": "#1"},
				"east": {"uv": [5, 5, 5.125, 6.3125], "texture": "#1"},
				"south": {"uv": [6.5, 6, 6.5625, 7.3125], "texture": "#1"},
				"west": {"uv": [5.5, 0, 5.625, 1.3125], "texture": "#1"},
				"up": {"uv": [9.5625, 0.625, 9.5, 0.5], "texture": "#1"},
				"down": {"uv": [1.0625, 9.5, 1, 9.625], "texture": "#1"}
			}
		},
		{
			"from": [7.975, 9.85095, 8.72821],
			"to": [8.025, 10.02595, 9.97821],
			"rotation": {"angle": 45, "axis": "x", "origin": [7, 9.65, 8.85]},
			"faces": {
				"north": {"uv": [9.5, 2, 9.5625, 2.0625], "texture": "#1"},
				"east": {"uv": [4, 8, 4.625, 8.0625], "texture": "#1"},
				"south": {"uv": [2.5, 9.5, 2.5625, 9.5625], "texture": "#1"},
				"west": {"uv": [8, 4, 8.625, 4.0625], "texture": "#1"},
				"up": {"uv": [8.0625, 5.125, 8, 4.5], "texture": "#1"},
				"down": {"uv": [5.0625, 8, 5, 8.625], "texture": "#1"}
			}
		},
		{
			"from": [7.975, 8.12595, 5.77821],
			"to": [8.025, 8.30095, 7.02821],
			"rotation": {"angle": 22.5, "axis": "x", "origin": [7, 7.925, 5.9]},
			"faces": {
				"north": {"uv": [9.5, 2.5, 9.5625, 2.5625], "texture": "#1"},
				"east": {"uv": [5.5, 8, 6.125, 8.0625], "texture": "#1"},
				"south": {"uv": [3, 9.5, 3.0625, 9.5625], "texture": "#1"},
				"west": {"uv": [8, 5.5, 8.625, 5.5625], "texture": "#1"},
				"up": {"uv": [8.0625, 6.625, 8, 6], "texture": "#1"},
				"down": {"uv": [7.0625, 8, 7, 8.625], "texture": "#1"}
			}
		},
		{
			"from": [7.975, 7.10095, 9.82821],
			"to": [8.025, 7.27595, 10.80321],
			"rotation": {"angle": 45, "axis": "x", "origin": [7, 6.9, 9.95]},
			"faces": {
				"north": {"uv": [9.5, 3, 9.5625, 3.0625], "texture": "#1"},
				"east": {"uv": [8.5, 1, 9, 1.0625], "texture": "#1"},
				"south": {"uv": [3.5, 9.5, 3.5625, 9.5625], "texture": "#1"},
				"west": {"uv": [1.5, 8.5, 2, 8.5625], "texture": "#1"},
				"up": {"uv": [8.5625, 2, 8.5, 1.5], "texture": "#1"},
				"down": {"uv": [2.0625, 8.5, 2, 9], "texture": "#1"}
			}
		},
		{
			"from": [7.975, 9.92179, 8.92595],
			"to": [8.025, 10.19679, 9.05095],
			"rotation": {"angle": 0, "axis": "x", "origin": [6.975, 10.75, 8.7]},
			"faces": {
				"east": {"uv": [9.5, 1, 9.5625, 1.125], "texture": "#1"},
				"west": {"uv": [1.5, 9.5, 1.5625, 9.625], "texture": "#1"}
			}
		},
		{
			"from": [7.975, 9.70095, 9.22821],
			"to": [8.025, 9.80095, 9.97821],
			"rotation": {"angle": 45, "axis": "x", "origin": [7, 9.425, 8.85]},
			"faces": {
				"north": {"uv": [9.5, 3.5, 9.5625, 3.5625], "texture": "#1"},
				"east": {"uv": [0.5, 9, 0.875, 9.0625], "texture": "#1"},
				"south": {"uv": [4, 9.5, 4.0625, 9.5625], "texture": "#1"},
				"west": {"uv": [9, 0.5, 9.375, 0.5625], "texture": "#1"},
				"up": {"uv": [1.0625, 9.375, 1, 9], "texture": "#1"},
				"down": {"uv": [9.0625, 1, 9, 1.375], "texture": "#1"}
			}
		},
		{
			"from": [7.775, 7.25, 6.875],
			"to": [8.225, 7.525, 7.6],
			"rotation": {"angle": 0, "axis": "y", "origin": [7, 6.55, 7]},
			"faces": {
				"north": {"uv": [8.5, 2, 8.75, 2.125], "texture": "#1"},
				"east": {"uv": [1.5, 8, 1.875, 8.125], "texture": "#1"},
				"south": {"uv": [2.5, 8.5, 2.75, 8.625], "texture": "#1"},
				"west": {"uv": [8, 1.5, 8.375, 1.625], "texture": "#1"},
				"up": {"uv": [6.75, 3.375, 6.5, 3], "texture": "#1"},
				"down": {"uv": [6.75, 3.5, 6.5, 3.875], "texture": "#1"}
			}
		},
		{
			"from": [7.95, 7.02604, 8.43485],
			"to": [8.05, 7.20104, 9.00985],
			"rotation": {"angle": 45, "axis": "x", "origin": [7, 7.35, 8.825]},
			"faces": {
				"north": {"uv": [9.5, 4, 9.5625, 4.0625], "texture": "#1"},
				"east": {"uv": [2.5, 9, 2.8125, 9.0625], "texture": "#1"},
				"south": {"uv": [4.5, 9.5, 4.5625, 9.5625], "texture": "#1"},
				"west": {"uv": [9, 2.5, 9.3125, 2.5625], "texture": "#1"},
				"up": {"uv": [3.0625, 9.3125, 3, 9], "texture": "#1"},
				"down": {"uv": [9.0625, 3, 9, 3.3125], "texture": "#1"}
			}
		},
		{
			"from": [7.825, 7.63812, 6.50277],
			"to": [8.175, 8.08812, 7.17777],
			"rotation": {"angle": -45, "axis": "x", "origin": [7, 7.75, 6.55]},
			"faces": {
				"north": {"uv": [2, 8, 2.1875, 8.25], "texture": "#1"},
				"east": {"uv": [7, 1.5, 7.3125, 1.75], "texture": "#1"},
				"south": {"uv": [8, 2, 8.1875, 2.25], "texture": "#1"},
				"west": {"uv": [2, 7, 2.3125, 7.25], "texture": "#1"},
				"up": {"uv": [7.6875, 6.8125, 7.5, 6.5], "texture": "#1"},
				"down": {"uv": [7.1875, 7.5, 7, 7.8125], "texture": "#1"}
			}
		},
		{
			"from": [7.75, 3.775, 7.65],
			"to": [8.25, 4.225, 8.35],
			"rotation": {"angle": 0, "axis": "y", "origin": [7, 2.225, 7]},
			"faces": {
				"north": {"uv": [7.5, 1.5, 7.75, 1.75], "texture": "#1"},
				"east": {"uv": [6.5, 4, 6.875, 4.25], "texture": "#1"},
				"south": {"uv": [2, 7.5, 2.25, 7.75], "texture": "#1"},
				"west": {"uv": [4.5, 6.5, 4.875, 6.75], "texture": "#1"},
				"up": {"uv": [6.75, 4.875, 6.5, 4.5], "texture": "#1"},
				"down": {"uv": [5.25, 6.5, 5, 6.875], "texture": "#1"}
			}
		},
		{
			"from": [7.75, 3.325, 7.75],
			"to": [8.25, 3.775, 8.25],
			"rotation": {"angle": 0, "axis": "y", "origin": [7, 1.775, 7]},
			"faces": {
				"north": {"uv": [7.5, 2, 7.75, 2.25], "texture": "#1"},
				"east": {"uv": [2.5, 7.5, 2.75, 7.75], "texture": "#1"},
				"south": {"uv": [7.5, 2.5, 7.75, 2.75], "texture": "#1"},
				"west": {"uv": [3, 7.5, 3.25, 7.75], "texture": "#1"},
				"up": {"uv": [7.75, 3.25, 7.5, 3], "texture": "#1"},
				"down": {"uv": [7.75, 3.5, 7.5, 3.75], "texture": "#1"}
			}
		},
		{
			"from": [7.875, 2.875, 7.75],
			"to": [8.125, 3.325, 8.25],
			"rotation": {"angle": 0, "axis": "y", "origin": [7, 1.325, 7]},
			"faces": {
				"north": {"uv": [8.5, 2.5, 8.625, 2.75], "texture": "#1"},
				"east": {"uv": [7.5, 4, 7.75, 4.25], "texture": "#1"},
				"south": {"uv": [3, 8.5, 3.125, 8.75], "texture": "#1"},
				"west": {"uv": [4.5, 7.5, 4.75, 7.75], "texture": "#1"},
				"up": {"uv": [8.625, 3.25, 8.5, 3], "texture": "#1"},
				"down": {"uv": [3.625, 8.5, 3.5, 8.75], "texture": "#1"}
			}
		},
		{
			"from": [7.925, 2.425, 7.725],
			"to": [8.075, 2.875, 8.175],
			"rotation": {"angle": 0, "axis": "y", "origin": [7, 0.875, 6.925]},
			"faces": {
				"north": {"uv": [5, 9, 5.0625, 9.25], "texture": "#1"},
				"east": {"uv": [7.5, 4.5, 7.75, 4.75], "texture": "#1"},
				"south": {"uv": [9, 5, 9.0625, 5.25], "texture": "#1"},
				"west": {"uv": [5, 7.5, 5.25, 7.75], "texture": "#1"},
				"up": {"uv": [5.5625, 9.25, 5.5, 9], "texture": "#1"},
				"down": {"uv": [9.0625, 5.5, 9, 5.75], "texture": "#1"}
			}
		},
		{
			"from": [7.95, 1.925, 7.65],
			"to": [8.05, 2.425, 8.025],
			"rotation": {"angle": 0, "axis": "y", "origin": [7, 0.425, 7]},
			"faces": {
				"north": {"uv": [6, 9, 6.0625, 9.25], "texture": "#1"},
				"east": {"uv": [2.5, 8, 2.6875, 8.25], "texture": "#1"},
				"south": {"uv": [9, 6, 9.0625, 6.25], "texture": "#1"},
				"west": {"uv": [8, 2.5, 8.1875, 2.75], "texture": "#1"},
				"up": {"uv": [8.0625, 9.1875, 8, 9], "texture": "#1"},
				"down": {"uv": [9.0625, 8, 9, 8.1875], "texture": "#1"}
			}
		},
		{
			"from": [7.975, 1.725, 7.425],
			"to": [8.025, 2.625, 7.875],
			"rotation": {"angle": 22.5, "axis": "x", "origin": [7, 2, 7.65]},
			"faces": {
				"north": {"uv": [8.5, 3.5, 8.5625, 3.9375], "texture": "#1"},
				"east": {"uv": [6, 5.5, 6.25, 5.9375], "texture": "#1"},
				"south": {"uv": [4, 8.5, 4.0625, 8.9375], "texture": "#1"},
				"west": {"uv": [6, 6, 6.25, 6.4375], "texture": "#1"},
				"up": {"uv": [6.5625, 9.25, 6.5, 9], "texture": "#1"},
				"down": {"uv": [9.0625, 6.5, 9, 6.75], "texture": "#1"}
			}
		}
	],
	"display": {
		"thirdperson_righthand": {
			"rotation": [5, 15, 0],
			"translation": [0, 3.5, 0.5],
			"scale": [2, 2, 2]
		},
		"thirdperson_lefthand": {
			"rotation": [71.25, -5, 0],
			"translation": [0, 1, 6],
			"scale": [2, 2, 2]
		},
		"firstperson_righthand": {
			"rotation": [-10, 12, 0],
			"translation": [0.75, 0.75, 0.75],
			"scale": [1.71, 1.73, 1.75]
		},
		"firstperson_lefthand": {
			"rotation": [31, 0, 0],
			"translation": [0, 2, 2],
			"scale": [1.73, 1.73, 1.73]
		},
		"ground": {
			"rotation": [0, 0, 91],
			"translation": [6.25, 1, 2.5],
			"scale": [2, 2, 2]
		},
		"gui": {
			"rotation": [31.08, 13.55, -38.24],
			"translation": [-4.75, -6, 0],
			"scale": [1.17, 1.25, 1.37]
		},
		"head": {
			"scale": [2, 2, 2]
		},
		"fixed": {
			"rotation": [-90, 44.75, 90],
			"translation": [6, -6.25, -0.5],
			"scale": [1.77, 1.55, 1.57]
		}
	},
	"groups": [
		{
			"name": "group",
			"origin": [8, 8, 8],
			"color": 0,
			"children": [
				0,
				1,
				2,
				3,
				4,
				5,
				6,
				7,
				8,
				9,
				10,
				11,
				12,
				13,
				14,
				15,
				16,
				17,
				18,
				19,
				20,
				21,
				22,
				23,
				24,
				25,
				26,
				27,
				28,
				29,
				30,
				31,
				{
					"name": "group",
					"origin": [7, 2, 7.65],
					"color": 0,
					"children": [32, 33, 34, 35, 36, 37]
				}
			]
		}
	]
}