{
	"credit": "Made with Blockbench",
	"textures": {
		"0": "./lesvie",
		"1": "./garda4",
		"2": "./texture",
		"particle": "./lesvie"
	},
	"elements": [
		{
			"from": [7.5, 1.5, 7.5],
			"to": [8.5, 6, 8.5],
			"faces": {
				"north": {"uv": [0, 0, 1, 4.5], "texture": "#2"},
				"east": {"uv": [1, 0, 2, 4.5], "texture": "#2"},
				"south": {"uv": [2, 0, 3, 4.5], "texture": "#2"},
				"west": {"uv": [3, 0, 4, 4.5], "texture": "#2"},
				"up": {"uv": [4, 6, 3, 5], "texture": "#2"},
				"down": {"uv": [7, 0, 6, 1], "texture": "#2"}
			}
		},
		{
			"from": [7.605, 6.115, 7.605],
			"to": [8.395, 9.345, 8.395],
			"rotation": {"angle": 0, "axis": "y", "origin": [1.68, 1.05, 1.68]},
			"faces": {
				"north": {"uv": [4, 0, 4.75, 3.25], "texture": "#2"},
				"east": {"uv": [4, 4, 4.75, 7.25], "texture": "#2"},
				"south": {"uv": [0, 5, 0.75, 8.25], "texture": "#2"},
				"west": {"uv": [5, 0, 5.75, 3.25], "texture": "#2"},
				"up": {"uv": [3.75, 6.75, 3, 6], "texture": "#2"},
				"down": {"uv": [6.75, 3, 6, 3.75], "texture": "#2"}
			}
		},
		{
			"from": [7.6, 1.2, 7.6],
			"to": [8.4, 1.5, 8.4],
			"faces": {
				"north": {"uv": [5, 7, 5.75, 7.25], "texture": "#2"},
				"east": {"uv": [7, 5, 7.75, 5.25], "texture": "#2"},
				"south": {"uv": [6, 7, 6.75, 7.25], "texture": "#2"},
				"west": {"uv": [7, 6, 7.75, 6.25], "texture": "#2"},
				"up": {"uv": [5.75, 6.75, 5, 6], "texture": "#2"},
				"down": {"uv": [6.75, 6, 6, 6.75], "texture": "#2"}
			}
		},
		{
			"from": [7.75, 1.15, 7.6],
			"to": [8.55, 1.2, 8.4],
			"faces": {
				"north": {"uv": [9, 5, 9.75, 5.125], "texture": "#2"},
				"east": {"uv": [6, 9, 6.75, 9.125], "texture": "#2"},
				"south": {"uv": [9, 6, 9.75, 6.125], "texture": "#2"},
				"west": {"uv": [7, 9, 7.75, 9.125], "texture": "#2"},
				"up": {"uv": [7.75, 0.75, 7, 0], "texture": "#2"},
				"down": {"uv": [1.75, 7, 1, 7.75], "texture": "#2"}
			}
		},
		{
			"from": [8.4, 1.4, 7.6],
			"to": [8.45, 1.45, 8.4],
			"faces": {
				"north": {"uv": [12, 12, 12.125, 12.125], "texture": "#2"},
				"east": {"uv": [9, 7, 9.75, 7.125], "texture": "#2"},
				"south": {"uv": [0, 13, 0.125, 13.125], "texture": "#2"},
				"west": {"uv": [8, 9, 8.75, 9.125], "texture": "#2"},
				"up": {"uv": [9.125, 8.75, 9, 8], "texture": "#2"},
				"down": {"uv": [9.125, 9, 9, 9.75], "texture": "#2"}
			}
		},
		{
			"from": [8.5, 1.475, 7.525],
			"to": [8.55, 1.525, 8.475],
			"faces": {
				"north": {"uv": [13, 0, 13.125, 0.125], "texture": "#2"},
				"east": {"uv": [8, 2, 9, 2.125], "texture": "#2"},
				"south": {"uv": [1, 13, 1.125, 13.125], "texture": "#2"},
				"west": {"uv": [3, 8, 4, 8.125], "texture": "#2"},
				"up": {"uv": [8.125, 4, 8, 3], "texture": "#2"},
				"down": {"uv": [4.125, 8, 4, 9], "texture": "#2"}
			}
		},
		{
			"from": [7.525, 1.475, 8.5],
			"to": [8.475, 1.525, 8.55],
			"faces": {
				"north": {"uv": [8, 4, 9, 4.125], "texture": "#2"},
				"east": {"uv": [13, 1, 13.125, 1.125], "texture": "#2"},
				"south": {"uv": [5, 8, 6, 8.125], "texture": "#2"},
				"west": {"uv": [2, 13, 2.125, 13.125], "texture": "#2"},
				"up": {"uv": [9, 5.125, 8, 5], "texture": "#2"},
				"down": {"uv": [7, 8, 6, 8.125], "texture": "#2"}
			}
		},
		{
			"from": [7.525, 1.475, 7.45],
			"to": [8.475, 1.525, 7.5],
			"faces": {
				"north": {"uv": [8, 6, 9, 6.125], "texture": "#2"},
				"east": {"uv": [13, 2, 13.125, 2.125], "texture": "#2"},
				"south": {"uv": [7, 8, 8, 8.125], "texture": "#2"},
				"west": {"uv": [3, 13, 3.125, 13.125], "texture": "#2"},
				"up": {"uv": [9, 8.125, 8, 8], "texture": "#2"},
				"down": {"uv": [1, 9, 0, 9.125], "texture": "#2"}
			}
		},
		{
			"from": [7.35, 1.45, 7.35],
			"to": [8.65, 1.5, 8.65],
			"faces": {
				"north": {"uv": [7, 7, 8.25, 7.125], "texture": "#2"},
				"east": {"uv": [8, 0, 9.25, 0.125], "texture": "#2"},
				"south": {"uv": [1, 8, 2.25, 8.125], "texture": "#2"},
				"west": {"uv": [8, 1, 9.25, 1.125], "texture": "#2"},
				"up": {"uv": [2.25, 6.25, 1, 5], "texture": "#2"},
				"down": {"uv": [6.25, 4, 5, 5.25], "texture": "#2"}
			}
		},
		{
			"from": [7.55, 1.4, 7.6],
			"to": [7.6, 1.45, 8.4],
			"rotation": {"angle": 0, "axis": "y", "origin": [16, 0, 0]},
			"faces": {
				"north": {"uv": [13, 3, 13.125, 3.125], "texture": "#2"},
				"east": {"uv": [0, 10, 0.75, 10.125], "texture": "#2"},
				"south": {"uv": [4, 13, 4.125, 13.125], "texture": "#2"},
				"west": {"uv": [10, 0, 10.75, 0.125], "texture": "#2"},
				"up": {"uv": [1.125, 10.75, 1, 10], "texture": "#2"},
				"down": {"uv": [10.125, 1, 10, 1.75], "texture": "#2"}
			}
		},
		{
			"from": [7.45, 1.475, 7.525],
			"to": [7.5, 1.525, 8.475],
			"rotation": {"angle": 0, "axis": "y", "origin": [16, 0, 0]},
			"faces": {
				"north": {"uv": [13, 4, 13.125, 4.125], "texture": "#2"},
				"east": {"uv": [1, 9, 2, 9.125], "texture": "#2"},
				"south": {"uv": [5, 13, 5.125, 13.125], "texture": "#2"},
				"west": {"uv": [2, 9, 3, 9.125], "texture": "#2"},
				"up": {"uv": [9.125, 3, 9, 2], "texture": "#2"},
				"down": {"uv": [3.125, 9, 3, 10], "texture": "#2"}
			}
		},
		{
			"from": [7.62756, 8.95229, 8.39204],
			"to": [7.90689, 9.26003, 8.43124],
			"rotation": {"angle": 0, "axis": "y", "origin": [1.72736, 1.17612, 1.72736]},
			"faces": {
				"north": {"uv": [11, 6, 11.25, 6.25], "texture": "#2"},
				"east": {"uv": [8, 12, 8.125, 12.25], "texture": "#2"},
				"south": {"uv": [7, 11, 7.25, 11.25], "texture": "#2"},
				"west": {"uv": [12, 8, 12.125, 8.25], "texture": "#2"},
				"up": {"uv": [9.25, 12.125, 9, 12], "texture": "#2"},
				"down": {"uv": [12.25, 9, 12, 9.125], "texture": "#2"}
			}
		},
		{
			"from": [8.3957, 7.08966, 8.62979],
			"to": [8.43, 7.10387, 9.1935],
			"rotation": {"angle": 45, "axis": "x", "origin": [8.41285, 8.20927, 8.16164]},
			"faces": {
				"north": {"uv": [13, 5, 13.125, 5.125], "texture": "#2"},
				"east": {"uv": [5, 10, 5.625, 10.125], "texture": "#2"},
				"south": {"uv": [6, 13, 6.125, 13.125], "texture": "#2"},
				"west": {"uv": [10, 5, 10.625, 5.125], "texture": "#2"},
				"up": {"uv": [6.125, 10.625, 6, 10], "texture": "#2"},
				"down": {"uv": [10.125, 6, 10, 6.625], "texture": "#2"}
			}
		},
		{
			"from": [8.39204, 8.95229, 7.62756],
			"to": [8.43124, 9.35903, 8.37244],
			"rotation": {"angle": 0, "axis": "y", "origin": [1.72736, 1.17612, 1.72736]},
			"faces": {
				"north": {"uv": [1, 12, 1.125, 12.375], "texture": "#2"},
				"east": {"uv": [7, 1, 7.75, 1.375], "texture": "#2"},
				"south": {"uv": [12, 1, 12.125, 1.375], "texture": "#2"},
				"west": {"uv": [2, 7, 2.75, 7.375], "texture": "#2"},
				"up": {"uv": [2.125, 10.75, 2, 10], "texture": "#2"},
				"down": {"uv": [10.125, 2, 10, 2.75], "texture": "#2"}
			}
		},
		{
			"from": [7.62756, 8.95229, 7.56876],
			"to": [8.37244, 9.35903, 7.60796],
			"rotation": {"angle": 0, "axis": "y", "origin": [1.72736, 1.17612, 1.72736]},
			"faces": {
				"north": {"uv": [7, 2, 7.75, 2.375], "texture": "#2"},
				"east": {"uv": [2, 12, 2.125, 12.375], "texture": "#2"},
				"south": {"uv": [3, 7, 3.75, 7.375], "texture": "#2"},
				"west": {"uv": [12, 2, 12.125, 2.375], "texture": "#2"},
				"up": {"uv": [3.75, 10.125, 3, 10], "texture": "#2"},
				"down": {"uv": [10.75, 3, 10, 3.125], "texture": "#2"}
			}
		},
		{
			"from": [7.56876, 8.95229, 7.62756],
			"to": [7.60796, 9.35903, 8.37244],
			"rotation": {"angle": 0, "axis": "y", "origin": [14.27264, 1.17612, 1.72736]},
			"faces": {
				"north": {"uv": [3, 12, 3.125, 12.375], "texture": "#2"},
				"east": {"uv": [7, 3, 7.75, 3.375], "texture": "#2"},
				"south": {"uv": [12, 3, 12.125, 3.375], "texture": "#2"},
				"west": {"uv": [7, 4, 7.75, 4.375], "texture": "#2"},
				"up": {"uv": [4.125, 10.75, 4, 10], "texture": "#2"},
				"down": {"uv": [10.125, 4, 10, 4.75], "texture": "#2"}
			}
		},
		{
			"from": [8.05881, 8.95229, 8.39204],
			"to": [8.09311, 9.016, 8.43124],
			"rotation": {"angle": 0, "axis": "y", "origin": [14.27264, 1.17612, 1.72736]},
			"faces": {
				"north": {"uv": [13, 6, 13.125, 6.125], "texture": "#2"},
				"east": {"uv": [7, 13, 7.125, 13.125], "texture": "#2"},
				"south": {"uv": [13, 7, 13.125, 7.125], "texture": "#2"},
				"west": {"uv": [8, 13, 8.125, 13.125], "texture": "#2"},
				"up": {"uv": [13.125, 8.125, 13, 8], "texture": "#2"},
				"down": {"uv": [9.125, 13, 9, 13.125], "texture": "#2"}
			}
		},
		{
			"from": [8.18381, 8.435, 8.39204],
			"to": [8.21811, 8.89871, 8.43124],
			"rotation": {"angle": 45, "axis": "z", "origin": [8.07596, 8.73415, 8.41164]},
			"faces": {
				"north": {"uv": [11, 7, 11.125, 7.5], "texture": "#2"},
				"east": {"uv": [8, 11, 8.125, 11.5], "texture": "#2"},
				"south": {"uv": [11, 8, 11.125, 8.5], "texture": "#2"},
				"west": {"uv": [9, 11, 9.125, 11.5], "texture": "#2"},
				"up": {"uv": [13.125, 9.125, 13, 9], "texture": "#2"},
				"down": {"uv": [10.125, 13, 10, 13.125], "texture": "#2"}
			}
		},
		{
			"from": [7.78381, 8.585, 8.39204],
			"to": [7.81811, 8.94871, 8.43124],
			"rotation": {"angle": 45, "axis": "z", "origin": [8.07596, 8.73415, 8.41164]},
			"faces": {
				"north": {"uv": [4, 12, 4.125, 12.375], "texture": "#2"},
				"east": {"uv": [12, 4, 12.125, 4.375], "texture": "#2"},
				"south": {"uv": [5, 12, 5.125, 12.375], "texture": "#2"},
				"west": {"uv": [12, 5, 12.125, 5.375], "texture": "#2"},
				"up": {"uv": [13.125, 10.125, 13, 10], "texture": "#2"},
				"down": {"uv": [11.125, 13, 11, 13.125], "texture": "#2"}
			}
		},
		{
			"from": [7.57, 8.36466, 7.45479],
			"to": [7.6043, 8.37887, 8.0185],
			"rotation": {"angle": 45, "axis": "x", "origin": [7.58715, 8.20927, 8.16164]},
			"faces": {
				"north": {"uv": [13, 11, 13.125, 11.125], "texture": "#2"},
				"east": {"uv": [7, 10, 7.625, 10.125], "texture": "#2"},
				"south": {"uv": [12, 13, 12.125, 13.125], "texture": "#2"},
				"west": {"uv": [10, 7, 10.625, 7.125], "texture": "#2"},
				"up": {"uv": [8.125, 10.625, 8, 10], "texture": "#2"},
				"down": {"uv": [10.125, 8, 10, 8.625], "texture": "#2"}
			}
		},
		{
			"from": [7.57, 7.71466, 8.05479],
			"to": [7.6043, 7.72887, 8.6185],
			"rotation": {"angle": 45, "axis": "x", "origin": [7.58715, 8.20927, 8.16164]},
			"faces": {
				"north": {"uv": [13, 12, 13.125, 12.125], "texture": "#2"},
				"east": {"uv": [9, 10, 9.625, 10.125], "texture": "#2"},
				"south": {"uv": [13, 13, 13.125, 13.125], "texture": "#2"},
				"west": {"uv": [10, 9, 10.625, 9.125], "texture": "#2"},
				"up": {"uv": [10.125, 10.625, 10, 10], "texture": "#2"},
				"down": {"uv": [0.125, 11, 0, 11.625], "texture": "#2"}
			}
		},
		{
			"from": [7.57, 8.06466, 8.05479],
			"to": [7.6043, 8.07887, 8.0935],
			"rotation": {"angle": 45, "axis": "x", "origin": [7.58715, 8.20927, 8.16164]},
			"faces": {
				"north": {"uv": [0, 14, 0.125, 14.125], "texture": "#2"},
				"east": {"uv": [14, 0, 14.125, 0.125], "texture": "#2"},
				"south": {"uv": [1, 14, 1.125, 14.125], "texture": "#2"},
				"west": {"uv": [14, 1, 14.125, 1.125], "texture": "#2"},
				"up": {"uv": [2.125, 14.125, 2, 14], "texture": "#2"},
				"down": {"uv": [14.125, 2, 14, 2.125], "texture": "#2"}
			}
		},
		{
			"from": [7.57, 8.51466, 7.62979],
			"to": [7.6043, 8.52887, 7.6685],
			"rotation": {"angle": 45, "axis": "x", "origin": [7.58715, 8.20927, 8.16164]},
			"faces": {
				"north": {"uv": [3, 14, 3.125, 14.125], "texture": "#2"},
				"east": {"uv": [14, 3, 14.125, 3.125], "texture": "#2"},
				"south": {"uv": [4, 14, 4.125, 14.125], "texture": "#2"},
				"west": {"uv": [14, 4, 14.125, 4.125], "texture": "#2"},
				"up": {"uv": [5.125, 14.125, 5, 14], "texture": "#2"},
				"down": {"uv": [14.125, 5, 14, 5.125], "texture": "#2"}
			}
		},
		{
			"from": [7.57, 7.38966, 8.62979],
			"to": [7.6043, 7.40387, 8.6685],
			"rotation": {"angle": 45, "axis": "x", "origin": [7.58715, 8.20927, 8.16164]},
			"faces": {
				"north": {"uv": [6, 14, 6.125, 14.125], "texture": "#2"},
				"east": {"uv": [14, 6, 14.125, 6.125], "texture": "#2"},
				"south": {"uv": [7, 14, 7.125, 14.125], "texture": "#2"},
				"west": {"uv": [14, 7, 14.125, 7.125], "texture": "#2"},
				"up": {"uv": [8.125, 14.125, 8, 14], "texture": "#2"},
				"down": {"uv": [14.125, 8, 14, 8.125], "texture": "#2"}
			}
		},
		{
			"from": [7.57, 7.08966, 8.62979],
			"to": [7.6043, 7.10387, 9.1935],
			"rotation": {"angle": 45, "axis": "x", "origin": [7.58715, 8.20927, 8.16164]},
			"faces": {
				"north": {"uv": [9, 14, 9.125, 14.125], "texture": "#2"},
				"east": {"uv": [11, 0, 11.625, 0.125], "texture": "#2"},
				"south": {"uv": [14, 9, 14.125, 9.125], "texture": "#2"},
				"west": {"uv": [1, 11, 1.625, 11.125], "texture": "#2"},
				"up": {"uv": [11.125, 1.625, 11, 1], "texture": "#2"},
				"down": {"uv": [2.125, 11, 2, 11.625], "texture": "#2"}
			}
		},
		{
			"from": [8.09311, 8.95229, 8.39204],
			"to": [8.37244, 9.26003, 8.43124],
			"rotation": {"angle": 0, "axis": "y", "origin": [14.27264, 1.17612, 1.72736]},
			"faces": {
				"north": {"uv": [11, 9, 11.25, 9.25], "texture": "#2"},
				"east": {"uv": [10, 12, 10.125, 12.25], "texture": "#2"},
				"south": {"uv": [10, 11, 10.25, 11.25], "texture": "#2"},
				"west": {"uv": [12, 10, 12.125, 10.25], "texture": "#2"},
				"up": {"uv": [11.25, 12.125, 11, 12], "texture": "#2"},
				"down": {"uv": [12.25, 11, 12, 11.125], "texture": "#2"}
			}
		},
		{
			"from": [7.90689, 8.95229, 8.39204],
			"to": [7.94119, 9.016, 8.43124],
			"rotation": {"angle": 0, "axis": "y", "origin": [1.72736, 1.17612, 1.72736]},
			"faces": {
				"north": {"uv": [10, 14, 10.125, 14.125], "texture": "#2"},
				"east": {"uv": [14, 10, 14.125, 10.125], "texture": "#2"},
				"south": {"uv": [11, 14, 11.125, 14.125], "texture": "#2"},
				"west": {"uv": [14, 11, 14.125, 11.125], "texture": "#2"},
				"up": {"uv": [12.125, 14.125, 12, 14], "texture": "#2"},
				"down": {"uv": [14.125, 12, 14, 12.125], "texture": "#2"}
			}
		},
		{
			"from": [7.78189, 8.435, 8.39204],
			"to": [7.81619, 8.89871, 8.43124],
			"rotation": {"angle": -45, "axis": "z", "origin": [7.92404, 8.73415, 8.41164]},
			"faces": {
				"north": {"uv": [11, 10, 11.125, 10.5], "texture": "#2"},
				"east": {"uv": [11, 11, 11.125, 11.5], "texture": "#2"},
				"south": {"uv": [0, 12, 0.125, 12.5], "texture": "#2"},
				"west": {"uv": [12, 0, 12.125, 0.5], "texture": "#2"},
				"up": {"uv": [13.125, 14.125, 13, 14], "texture": "#2"},
				"down": {"uv": [14.125, 13, 14, 13.125], "texture": "#2"}
			}
		},
		{
			"from": [8.18189, 8.585, 8.39204],
			"to": [8.21619, 8.94871, 8.43124],
			"rotation": {"angle": -45, "axis": "z", "origin": [7.92404, 8.73415, 8.41164]},
			"faces": {
				"north": {"uv": [6, 12, 6.125, 12.375], "texture": "#2"},
				"east": {"uv": [12, 6, 12.125, 6.375], "texture": "#2"},
				"south": {"uv": [7, 12, 7.125, 12.375], "texture": "#2"},
				"west": {"uv": [12, 7, 12.125, 7.375], "texture": "#2"},
				"up": {"uv": [14.125, 14.125, 14, 14], "texture": "#2"},
				"down": {"uv": [0.125, 15, 0, 15.125], "texture": "#2"}
			}
		},
		{
			"from": [8.3957, 8.36466, 7.45479],
			"to": [8.43, 8.37887, 8.0185],
			"rotation": {"angle": 45, "axis": "x", "origin": [8.41285, 8.20927, 8.16164]},
			"faces": {
				"north": {"uv": [15, 0, 15.125, 0.125], "texture": "#2"},
				"east": {"uv": [11, 2, 11.625, 2.125], "texture": "#2"},
				"south": {"uv": [1, 15, 1.125, 15.125], "texture": "#2"},
				"west": {"uv": [3, 11, 3.625, 11.125], "texture": "#2"},
				"up": {"uv": [11.125, 3.625, 11, 3], "texture": "#2"},
				"down": {"uv": [4.125, 11, 4, 11.625], "texture": "#2"}
			}
		},
		{
			"from": [8.3957, 7.38966, 8.62979],
			"to": [8.43, 7.40387, 8.6685],
			"rotation": {"angle": 45, "axis": "x", "origin": [8.41285, 8.20927, 8.16164]},
			"faces": {
				"north": {"uv": [15, 1, 15.125, 1.125], "texture": "#2"},
				"east": {"uv": [2, 15, 2.125, 15.125], "texture": "#2"},
				"south": {"uv": [15, 2, 15.125, 2.125], "texture": "#2"},
				"west": {"uv": [3, 15, 3.125, 15.125], "texture": "#2"},
				"up": {"uv": [15.125, 3.125, 15, 3], "texture": "#2"},
				"down": {"uv": [4.125, 15, 4, 15.125], "texture": "#2"}
			}
		},
		{
			"from": [8.3957, 7.71466, 8.05479],
			"to": [8.43, 7.72887, 8.6185],
			"rotation": {"angle": 45, "axis": "x", "origin": [8.41285, 8.20927, 8.16164]},
			"faces": {
				"north": {"uv": [15, 4, 15.125, 4.125], "texture": "#2"},
				"east": {"uv": [11, 4, 11.625, 4.125], "texture": "#2"},
				"south": {"uv": [5, 15, 5.125, 15.125], "texture": "#2"},
				"west": {"uv": [5, 11, 5.625, 11.125], "texture": "#2"},
				"up": {"uv": [11.125, 5.625, 11, 5], "texture": "#2"},
				"down": {"uv": [6.125, 11, 6, 11.625], "texture": "#2"}
			}
		},
		{
			"from": [8.3957, 8.06466, 8.05479],
			"to": [8.43, 8.07887, 8.0935],
			"rotation": {"angle": 45, "axis": "x", "origin": [8.41285, 8.20927, 8.16164]},
			"faces": {
				"north": {"uv": [15, 5, 15.125, 5.125], "texture": "#2"},
				"east": {"uv": [6, 15, 6.125, 15.125], "texture": "#2"},
				"south": {"uv": [15, 6, 15.125, 6.125], "texture": "#2"},
				"west": {"uv": [7, 15, 7.125, 15.125], "texture": "#2"},
				"up": {"uv": [15.125, 7.125, 15, 7], "texture": "#2"},
				"down": {"uv": [8.125, 15, 8, 15.125], "texture": "#2"}
			}
		},
		{
			"from": [8.3957, 8.51466, 7.62979],
			"to": [8.43, 8.52887, 7.6685],
			"rotation": {"angle": 45, "axis": "x", "origin": [8.41285, 8.20927, 8.16164]},
			"faces": {
				"north": {"uv": [15, 8, 15.125, 8.125], "texture": "#2"},
				"east": {"uv": [9, 15, 9.125, 15.125], "texture": "#2"},
				"south": {"uv": [15, 9, 15.125, 9.125], "texture": "#2"},
				"west": {"uv": [10, 15, 10.125, 15.125], "texture": "#2"},
				"up": {"uv": [15.125, 10.125, 15, 10], "texture": "#2"},
				"down": {"uv": [11.125, 15, 11, 15.125], "texture": "#2"}
			}
		},
		{
			"from": [7.55, 6, 7.525],
			"to": [8.45, 6.125, 8.45],
			"faces": {
				"north": {"uv": [9, 3, 9.875, 3.125], "texture": "#2"},
				"east": {"uv": [4, 9, 4.875, 9.125], "texture": "#2"},
				"south": {"uv": [9, 4, 9.875, 4.125], "texture": "#2"},
				"west": {"uv": [5, 9, 5.875, 9.125], "texture": "#2"},
				"up": {"uv": [6.875, 1.875, 6, 1], "texture": "#2"},
				"down": {"uv": [6.875, 2, 6, 2.875], "texture": "#2"}
			}
		},
		{
			"from": [7.667, 9.4745, 7.806],
			"to": [7.739, 9.5155, 8.174],
			"rotation": {"angle": 0, "axis": "y", "origin": [17.28, -1.44, -1.28]},
			"faces": {
				"north": {"uv": [9, 7, 9.125, 7.125], "texture": "#1"},
				"east": {"uv": [4, 8, 4.375, 8.125], "texture": "#1"},
				"south": {"uv": [8, 9, 8.125, 9.125], "texture": "#1"},
				"west": {"uv": [8, 4, 8.375, 4.125], "texture": "#1"},
				"up": {"uv": [5.125, 8.375, 5, 8], "texture": "#1"},
				"down": {"uv": [8.125, 5, 8, 5.375], "texture": "#1"}
			}
		},
		{
			"from": [7.55, 9.325, 7.525],
			"to": [8.45, 9.4, 8.45],
			"faces": {
				"north": {"uv": [4, 4, 4.875, 4.125], "texture": "#1"},
				"east": {"uv": [0, 5, 0.875, 5.125], "texture": "#1"},
				"south": {"uv": [5, 0, 5.875, 0.125], "texture": "#1"},
				"west": {"uv": [1, 5, 1.875, 5.125], "texture": "#1"},
				"up": {"uv": [0.875, 0.875, 0, 0], "texture": "#1"},
				"down": {"uv": [0.875, 1, 0, 1.875], "texture": "#1"}
			}
		},
		{
			"from": [7.739, 9.3995, 7.739],
			"to": [8.261, 9.6655, 8.232],
			"rotation": {"angle": 0, "axis": "y", "origin": [-1.28, -1.44, -1.28]},
			"faces": {
				"north": {"uv": [1, 4, 1.5, 4.25], "texture": "#1"},
				"east": {"uv": [4, 1, 4.5, 1.25], "texture": "#1"},
				"south": {"uv": [2, 4, 2.5, 4.25], "texture": "#1"},
				"west": {"uv": [4, 2, 4.5, 2.25], "texture": "#1"},
				"up": {"uv": [1.5, 2.5, 1, 2], "texture": "#1"},
				"down": {"uv": [2.5, 1, 2, 1.5], "texture": "#1"}
			}
		},
		{
			"from": [8.464, 9.3745, 7.564],
			"to": [8.586, 9.4405, 8.407],
			"rotation": {"angle": 0, "axis": "y", "origin": [-1.28, -1.44, -1.28]},
			"faces": {
				"north": {"uv": [9, 8, 9.125, 8.125], "texture": "#1"},
				"east": {"uv": [5, 1, 5.875, 1.125], "texture": "#1"},
				"south": {"uv": [9, 9, 9.125, 9.125], "texture": "#1"},
				"west": {"uv": [2, 5, 2.875, 5.125], "texture": "#1"},
				"up": {"uv": [5.125, 2.875, 5, 2], "texture": "#1"},
				"down": {"uv": [3.125, 5, 3, 5.875], "texture": "#1"}
			}
		},
		{
			"from": [8.586, 9.3995, 7.564],
			"to": [8.708, 9.4655, 8.032],
			"rotation": {"angle": 0, "axis": "y", "origin": [-1.28, -1.44, -1.28]},
			"faces": {
				"north": {"uv": [0, 10, 0.125, 10.125], "texture": "#1"},
				"east": {"uv": [4, 6, 4.5, 6.125], "texture": "#1"},
				"south": {"uv": [10, 0, 10.125, 0.125], "texture": "#1"},
				"west": {"uv": [6, 4, 6.5, 4.125], "texture": "#1"},
				"up": {"uv": [5.125, 6.5, 5, 6], "texture": "#1"},
				"down": {"uv": [6.125, 5, 6, 5.5], "texture": "#1"}
			}
		},
		{
			"from": [8.586, 9.3995, 8.031],
			"to": [8.708, 9.4405, 8.174],
			"rotation": {"angle": 0, "axis": "y", "origin": [-1.28, -1.44, -1.28]},
			"faces": {
				"north": {"uv": [1, 10, 1.125, 10.125], "texture": "#1"},
				"east": {"uv": [10, 1, 10.125, 1.125], "texture": "#1"},
				"south": {"uv": [2, 10, 2.125, 10.125], "texture": "#1"},
				"west": {"uv": [10, 2, 10.125, 2.125], "texture": "#1"},
				"up": {"uv": [3.125, 10.125, 3, 10], "texture": "#1"},
				"down": {"uv": [10.125, 3, 10, 3.125], "texture": "#1"}
			}
		},
		{
			"from": [8.261, 9.4745, 7.806],
			"to": [8.333, 9.5155, 8.174],
			"rotation": {"angle": 0, "axis": "y", "origin": [-1.28, -1.44, -1.28]},
			"faces": {
				"north": {"uv": [4, 10, 4.125, 10.125], "texture": "#1"},
				"east": {"uv": [6, 8, 6.375, 8.125], "texture": "#1"},
				"south": {"uv": [10, 4, 10.125, 4.125], "texture": "#1"},
				"west": {"uv": [8, 6, 8.375, 6.125], "texture": "#1"},
				"up": {"uv": [7.125, 8.375, 7, 8], "texture": "#1"},
				"down": {"uv": [8.125, 7, 8, 7.375], "texture": "#1"}
			}
		},
		{
			"from": [8.261, 9.5245, 7.806],
			"to": [8.333, 9.5655, 7.924],
			"rotation": {"angle": 0, "axis": "y", "origin": [-1.28, -1.44, -1.28]},
			"faces": {
				"north": {"uv": [5, 10, 5.125, 10.125], "texture": "#1"},
				"east": {"uv": [10, 5, 10.125, 5.125], "texture": "#1"},
				"south": {"uv": [6, 10, 6.125, 10.125], "texture": "#1"},
				"west": {"uv": [10, 6, 10.125, 6.125], "texture": "#1"},
				"up": {"uv": [7.125, 10.125, 7, 10], "texture": "#1"},
				"down": {"uv": [10.125, 7, 10, 7.125], "texture": "#1"}
			}
		},
		{
			"from": [7.589, 9.3745, 8.464],
			"to": [8.407, 9.4405, 8.661],
			"rotation": {"angle": 0, "axis": "y", "origin": [-1.28, -1.44, -1.28]},
			"faces": {
				"north": {"uv": [5, 3, 5.875, 3.125], "texture": "#1"},
				"east": {"uv": [9, 3, 9.25, 3.125], "texture": "#1"},
				"south": {"uv": [4, 5, 4.875, 5.125], "texture": "#1"},
				"west": {"uv": [4, 9, 4.25, 9.125], "texture": "#1"},
				"up": {"uv": [2.875, 2.25, 2, 2], "texture": "#1"},
				"down": {"uv": [0.875, 3, 0, 3.25], "texture": "#1"}
			}
		},
		{
			"from": [7.589, 9.3745, 7.314],
			"to": [8.407, 9.4405, 7.511],
			"rotation": {"angle": 0, "axis": "y", "origin": [-1.28, -1.44, -1.28]},
			"faces": {
				"north": {"uv": [5, 4, 5.875, 4.125], "texture": "#1"},
				"east": {"uv": [9, 4, 9.25, 4.125], "texture": "#1"},
				"south": {"uv": [5, 5, 5.875, 5.125], "texture": "#1"},
				"west": {"uv": [5, 9, 5.25, 9.125], "texture": "#1"},
				"up": {"uv": [3.875, 0.25, 3, 0], "texture": "#1"},
				"down": {"uv": [1.875, 3, 1, 3.25], "texture": "#1"}
			}
		},
		{
			"from": [7.414, 9.3745, 7.564],
			"to": [7.536, 9.4405, 8.407],
			"rotation": {"angle": 0, "axis": "y", "origin": [17.28, -1.44, -1.28]},
			"faces": {
				"north": {"uv": [8, 10, 8.125, 10.125], "texture": "#1"},
				"east": {"uv": [0, 6, 0.875, 6.125], "texture": "#1"},
				"south": {"uv": [10, 8, 10.125, 8.125], "texture": "#1"},
				"west": {"uv": [6, 0, 6.875, 0.125], "texture": "#1"},
				"up": {"uv": [1.125, 6.875, 1, 6], "texture": "#1"},
				"down": {"uv": [6.125, 1, 6, 1.875], "texture": "#1"}
			}
		},
		{
			"from": [7.667, 9.5245, 7.806],
			"to": [7.739, 9.5655, 7.924],
			"rotation": {"angle": 0, "axis": "y", "origin": [17.28, -1.44, -1.28]},
			"faces": {
				"north": {"uv": [9, 10, 9.125, 10.125], "texture": "#1"},
				"east": {"uv": [10, 9, 10.125, 9.125], "texture": "#1"},
				"south": {"uv": [10, 10, 10.125, 10.125], "texture": "#1"},
				"west": {"uv": [0, 11, 0.125, 11.125], "texture": "#1"},
				"up": {"uv": [11.125, 0.125, 11, 0], "texture": "#1"},
				"down": {"uv": [1.125, 11, 1, 11.125], "texture": "#1"}
			}
		},
		{
			"from": [7.292, 9.3995, 7.564],
			"to": [7.414, 9.4655, 8.032],
			"rotation": {"angle": 0, "axis": "y", "origin": [17.28, -1.44, -1.28]},
			"faces": {
				"north": {"uv": [11, 1, 11.125, 1.125], "texture": "#1"},
				"east": {"uv": [6, 6, 6.5, 6.125], "texture": "#1"},
				"south": {"uv": [2, 11, 2.125, 11.125], "texture": "#1"},
				"west": {"uv": [0, 7, 0.5, 7.125], "texture": "#1"},
				"up": {"uv": [7.125, 0.5, 7, 0], "texture": "#1"},
				"down": {"uv": [1.125, 7, 1, 7.5], "texture": "#1"}
			}
		},
		{
			"from": [7.292, 9.3995, 8.031],
			"to": [7.414, 9.4405, 8.174],
			"rotation": {"angle": 0, "axis": "y", "origin": [17.28, -1.44, -1.28]},
			"faces": {
				"north": {"uv": [11, 2, 11.125, 2.125], "texture": "#1"},
				"east": {"uv": [3, 11, 3.125, 11.125], "texture": "#1"},
				"south": {"uv": [11, 3, 11.125, 3.125], "texture": "#1"},
				"west": {"uv": [4, 11, 4.125, 11.125], "texture": "#1"},
				"up": {"uv": [11.125, 4.125, 11, 4], "texture": "#1"},
				"down": {"uv": [5.125, 11, 5, 11.125], "texture": "#1"}
			}
		},
		{
			"from": [7.79018, 9.64201, 7.11612],
			"to": [8.20032, 9.79801, 7.62178],
			"rotation": {"angle": -22.5, "axis": "x", "origin": [8.03275, 9.49882, 7.34981]},
			"faces": {
				"north": {"uv": [8, 8, 8.375, 8.125], "texture": "#1"},
				"east": {"uv": [7, 1, 7.5, 1.125], "texture": "#1"},
				"south": {"uv": [0, 9, 0.375, 9.125], "texture": "#1"},
				"west": {"uv": [2, 7, 2.5, 7.125], "texture": "#1"},
				"up": {"uv": [3.375, 1.5, 3, 1], "texture": "#1"},
				"down": {"uv": [2.375, 3, 2, 3.5], "texture": "#1"}
			}
		},
		{
			"from": [7.689, 9.666, 7.539],
			"to": [8.311, 9.757, 8.257],
			"rotation": {"angle": 0, "axis": "y", "origin": [17.28, -1.44, -1.28]},
			"faces": {
				"north": {"uv": [3, 6, 3.625, 6.125], "texture": "#1"},
				"east": {"uv": [2, 6, 2.75, 6.125], "texture": "#1"},
				"south": {"uv": [6, 3, 6.625, 3.125], "texture": "#1"},
				"west": {"uv": [6, 2, 6.75, 2.125], "texture": "#1"},
				"up": {"uv": [1.625, 0.75, 1, 0], "texture": "#1"},
				"down": {"uv": [1.625, 1, 1, 1.75], "texture": "#1"}
			}
		},
		{
			"from": [7.764, 9.758, 7.489],
			"to": [8.236, 9.949, 8.257],
			"rotation": {"angle": 0, "axis": "y", "origin": [17.28, -1.44, -1.28]},
			"faces": {
				"north": {"uv": [3, 4, 3.5, 4.25], "texture": "#1"},
				"east": {"uv": [3, 2, 3.75, 2.25], "texture": "#1"},
				"south": {"uv": [4, 3, 4.5, 3.25], "texture": "#1"},
				"west": {"uv": [3, 3, 3.75, 3.25], "texture": "#1"},
				"up": {"uv": [0.5, 2.75, 0, 2], "texture": "#1"},
				"down": {"uv": [2.5, 0, 2, 0.75], "texture": "#1"}
			}
		},
		{
			"from": [7.78086, 9.23, 6.9179],
			"to": [7.791, 9.76066, 6.9489],
			"rotation": {"angle": 45, "axis": "x", "origin": [8.00475, 9.51915, 6.8209]},
			"faces": {
				"north": {"uv": [7, 2, 7.125, 2.5], "texture": "#1"},
				"east": {"uv": [3, 7, 3.125, 7.5], "texture": "#1"},
				"south": {"uv": [7, 3, 7.125, 3.5], "texture": "#1"},
				"west": {"uv": [4, 7, 4.125, 7.5], "texture": "#1"},
				"up": {"uv": [11.125, 5.125, 11, 5], "texture": "#1"},
				"down": {"uv": [6.125, 11, 6, 11.125], "texture": "#1"}
			}
		},
		{
			"from": [7.914, 9.7346, 8.20443],
			"to": [8.061, 9.7846, 8.64743],
			"rotation": {"angle": 22.5, "axis": "x", "origin": [8, 9.7115, 8.3605]},
			"faces": {
				"north": {"uv": [11, 6, 11.125, 6.125], "texture": "#1"},
				"east": {"uv": [9, 5, 9.25, 5.125], "texture": "#1"},
				"south": {"uv": [7, 11, 7.125, 11.125], "texture": "#1"},
				"west": {"uv": [6, 9, 6.25, 9.125], "texture": "#1"},
				"up": {"uv": [9.125, 6.25, 9, 6], "texture": "#1"},
				"down": {"uv": [7.125, 9, 7, 9.25], "texture": "#1"}
			}
		},
		{
			"from": [7.755, 9.64201, 7.11612],
			"to": [7.79014, 9.77301, 7.62178],
			"rotation": {"angle": -22.5, "axis": "x", "origin": [7.96725, 9.49882, 7.34981]},
			"faces": {
				"north": {"uv": [11, 7, 11.125, 7.125], "texture": "#1"},
				"east": {"uv": [7, 4, 7.5, 4.125], "texture": "#1"},
				"south": {"uv": [8, 11, 8.125, 11.125], "texture": "#1"},
				"west": {"uv": [5, 7, 5.5, 7.125], "texture": "#1"},
				"up": {"uv": [7.125, 5.5, 7, 5], "texture": "#1"},
				"down": {"uv": [6.125, 7, 6, 7.5], "texture": "#1"}
			}
		},
		{
			"from": [8.20986, 9.64201, 7.11612],
			"to": [8.245, 9.77301, 7.62178],
			"rotation": {"angle": -22.5, "axis": "x", "origin": [8.03275, 9.49882, 7.34981]},
			"faces": {
				"north": {"uv": [11, 8, 11.125, 8.125], "texture": "#1"},
				"east": {"uv": [7, 6, 7.5, 6.125], "texture": "#1"},
				"south": {"uv": [9, 11, 9.125, 11.125], "texture": "#1"},
				"west": {"uv": [7, 7, 7.5, 7.125], "texture": "#1"},
				"up": {"uv": [0.125, 8.5, 0, 8], "texture": "#1"},
				"down": {"uv": [8.125, 0, 8, 0.5], "texture": "#1"}
			}
		},
		{
			"from": [7.79018, 9.23, 6.8929],
			"to": [8.20032, 9.76066, 6.9739],
			"rotation": {"angle": 45, "axis": "x", "origin": [7.99525, 9.51915, 6.8209]},
			"faces": {
				"north": {"uv": [0, 4, 0.375, 4.5], "texture": "#1"},
				"east": {"uv": [1, 8, 1.125, 8.5], "texture": "#1"},
				"south": {"uv": [4, 0, 4.375, 0.5], "texture": "#1"},
				"west": {"uv": [8, 1, 8.125, 1.5], "texture": "#1"},
				"up": {"uv": [9.375, 0.125, 9, 0], "texture": "#1"},
				"down": {"uv": [1.375, 9, 1, 9.125], "texture": "#1"}
			}
		},
		{
			"from": [7.81518, 9.15, 6.9179],
			"to": [8.17532, 9.23066, 6.9489],
			"rotation": {"angle": 45, "axis": "x", "origin": [7.99525, 9.51915, 6.8209]},
			"faces": {
				"north": {"uv": [9, 1, 9.375, 1.125], "texture": "#1"},
				"east": {"uv": [11, 9, 11.125, 9.125], "texture": "#1"},
				"south": {"uv": [2, 9, 2.375, 9.125], "texture": "#1"},
				"west": {"uv": [10, 11, 10.125, 11.125], "texture": "#1"},
				"up": {"uv": [9.375, 2.125, 9, 2], "texture": "#1"},
				"down": {"uv": [3.375, 9, 3, 9.125], "texture": "#1"}
			}
		},
		{
			"from": [8.2, 9.23, 6.9179],
			"to": [8.21014, 9.76066, 6.9489],
			"rotation": {"angle": 45, "axis": "x", "origin": [7.99525, 9.51915, 6.8209]},
			"faces": {
				"north": {"uv": [2, 8, 2.125, 8.5], "texture": "#1"},
				"east": {"uv": [8, 2, 8.125, 2.5], "texture": "#1"},
				"south": {"uv": [3, 8, 3.125, 8.5], "texture": "#1"},
				"west": {"uv": [8, 3, 8.125, 3.5], "texture": "#1"},
				"up": {"uv": [11.125, 10.125, 11, 10], "texture": "#1"},
				"down": {"uv": [11.125, 11, 11, 11.125], "texture": "#1"}
			}
		},
		{
			"from": [7.839, 9.948, 7.714],
			"to": [8.161, 21.264, 8.082],
			"rotation": {"angle": 0, "axis": "y", "origin": [-1.28, -1.44, -1.28]},
			"faces": {
				"north": {"uv": [0, 0, 0.1875, 5.6875], "texture": "#0"},
				"east": {"uv": [0.5, 0, 0.6875, 5.6875], "texture": "#0"},
				"south": {"uv": [1, 0, 1.1875, 5.6875], "texture": "#0"},
				"west": {"uv": [1.5, 0, 1.6875, 5.6875], "texture": "#0"},
				"up": {"uv": [3.6875, 6.1875, 3.5, 6], "texture": "#0"},
				"down": {"uv": [4.1875, 6, 4, 6.1875], "texture": "#0"}
			}
		},
		{
			"from": [7.864, 9.948, 7.625],
			"to": [8.136, 21.264, 7.718],
			"rotation": {"angle": 0, "axis": "y", "origin": [-1.28, -1.44, -1.28]},
			"faces": {
				"north": {"uv": [4, 0, 4.125, 5.6875], "texture": "#0"},
				"east": {"uv": [5, 0, 5.0625, 5.6875], "texture": "#0"},
				"south": {"uv": [4.5, 0, 4.625, 5.6875], "texture": "#0"},
				"west": {"uv": [5.5, 0, 5.5625, 5.6875], "texture": "#0"},
				"up": {"uv": [6.625, 4.5625, 6.5, 4.5], "texture": "#0"},
				"down": {"uv": [5.125, 6.5, 5, 6.5625], "texture": "#0"}
			}
		},
		{
			"from": [7.939, 9.948, 7.58],
			"to": [8.086, 21.264, 7.623],
			"rotation": {"angle": 0, "axis": "y", "origin": [-1.28, -1.44, -1.28]},
			"faces": {
				"north": {"uv": [0, 6, 0.0625, 11.6875], "texture": "#0"},
				"east": {"uv": [6, 0, 6.0625, 5.6875], "texture": "#0"},
				"south": {"uv": [0.5, 6, 0.5625, 11.6875], "texture": "#0"},
				"west": {"uv": [1, 6, 1.0625, 11.6875], "texture": "#0"},
				"up": {"uv": [7.0625, 1.0625, 7, 1], "texture": "#0"},
				"down": {"uv": [7.0625, 1.5, 7, 1.5625], "texture": "#0"}
			}
		},
		{
			"from": [7.989, 9.948, 7.465],
			"to": [8.036, 21.264, 7.583],
			"rotation": {"angle": 0, "axis": "y", "origin": [-1.28, -1.44, -1.28]},
			"faces": {
				"north": {"uv": [1.5, 6, 1.5625, 11.6875], "texture": "#0"},
				"east": {"uv": [2, 6, 2.0625, 11.6875], "texture": "#0"},
				"south": {"uv": [2.5, 6, 2.5625, 11.6875], "texture": "#0"},
				"west": {"uv": [3, 6, 3.0625, 11.6875], "texture": "#0"},
				"up": {"uv": [7.0625, 2.0625, 7, 2], "texture": "#0"},
				"down": {"uv": [7.0625, 2.5, 7, 2.5625], "texture": "#0"}
			}
		},
		{
			"from": [7.814, 9.948, 8.08],
			"to": [8.186, 21.264, 8.448],
			"rotation": {"angle": 0, "axis": "y", "origin": [-1.28, -1.44, -1.28]},
			"faces": {
				"north": {"uv": [2, 0, 2.1875, 5.6875], "texture": "#0"},
				"east": {"uv": [2.5, 0, 2.6875, 5.6875], "texture": "#0"},
				"south": {"uv": [3, 0, 3.1875, 5.6875], "texture": "#0"},
				"west": {"uv": [3.5, 0, 3.6875, 5.6875], "texture": "#0"},
				"up": {"uv": [4.6875, 6.1875, 4.5, 6], "texture": "#0"},
				"down": {"uv": [5.1875, 6, 5, 6.1875], "texture": "#0"}
			}
		},
		{
			"from": [7.839, 21.265, 8.08],
			"to": [8.161, 21.556, 8.398],
			"rotation": {"angle": 0, "axis": "y", "origin": [-1.28, -1.44, -1.28]},
			"faces": {
				"north": {"uv": [6.5, 0, 6.6875, 0.125], "texture": "#0"},
				"east": {"uv": [6.5, 0.5, 6.6875, 0.625], "texture": "#0"},
				"south": {"uv": [6.5, 1, 6.6875, 1.125], "texture": "#0"},
				"west": {"uv": [6.5, 1.5, 6.6875, 1.625], "texture": "#0"},
				"up": {"uv": [5.6875, 6.1875, 5.5, 6], "texture": "#0"},
				"down": {"uv": [6.1875, 6, 6, 6.1875], "texture": "#0"}
			}
		},
		{
			"from": [7.939, 11.17457, 8.3531],
			"to": [8.061, 11.96557, 8.4961],
			"rotation": {"angle": 22.5, "axis": "x", "origin": [8, 11.3105, 8.564]},
			"faces": {
				"north": {"uv": [6.5, 0, 6.6875, 0.125], "texture": "#0"},
				"east": {"uv": [6.5, 0.5, 6.6875, 0.625], "texture": "#0"},
				"south": {"uv": [6.5, 1, 6.6875, 1.125], "texture": "#0"},
				"west": {"uv": [6.5, 1.5, 6.6875, 1.625], "texture": "#0"},
				"up": {"uv": [5.6875, 6.1875, 5.5, 6], "texture": "#0"},
				"down": {"uv": [6.1875, 6, 6, 6.1875], "texture": "#0"}
			}
		},
		{
			"from": [7.939, 16.12457, 6.2031],
			"to": [8.061, 16.91557, 6.4211],
			"rotation": {"angle": 22.5, "axis": "x", "origin": [8, 11.3105, 8.564]},
			"faces": {
				"north": {"uv": [6.5, 0, 6.6875, 0.125], "texture": "#0"},
				"east": {"uv": [6.5, 0.5, 6.6875, 0.625], "texture": "#0"},
				"south": {"uv": [6.5, 1, 6.6875, 1.125], "texture": "#0"},
				"west": {"uv": [6.5, 1.5, 6.6875, 1.625], "texture": "#0"},
				"up": {"uv": [5.6875, 6.1875, 5.5, 6], "texture": "#0"},
				"down": {"uv": [6.1875, 6, 6, 6.1875], "texture": "#0"}
			}
		},
		{
			"from": [7.964, 17.30579, 8.33971],
			"to": [8.036, 18.09679, 8.50771],
			"rotation": {"angle": -22.5, "axis": "x", "origin": [8, 17.70129, 8.77371]},
			"faces": {
				"north": {"uv": [6.5, 0, 6.6875, 0.125], "texture": "#0"},
				"east": {"uv": [6.5, 0.5, 6.6875, 0.625], "texture": "#0"},
				"south": {"uv": [6.5, 1, 6.6875, 1.125], "texture": "#0"},
				"west": {"uv": [6.5, 1.5, 6.6875, 1.625], "texture": "#0"},
				"up": {"uv": [5.6875, 6.1875, 5.5, 6], "texture": "#0"},
				"down": {"uv": [6.1875, 6, 6, 6.1875], "texture": "#0"}
			}
		},
		{
			"from": [7.864, 21.265, 7.812],
			"to": [8.136, 21.456, 8.08],
			"rotation": {"angle": 0, "axis": "y", "origin": [-1.28, -1.44, -1.28]},
			"faces": {
				"north": {"uv": [6.5, 2, 6.625, 2.125], "texture": "#0"},
				"east": {"uv": [6.5, 2.5, 6.625, 2.625], "texture": "#0"},
				"south": {"uv": [6.5, 3, 6.625, 3.125], "texture": "#0"},
				"west": {"uv": [3.5, 6.5, 3.625, 6.625], "texture": "#0"},
				"up": {"uv": [6.625, 3.625, 6.5, 3.5], "texture": "#0"},
				"down": {"uv": [4.125, 6.5, 4, 6.625], "texture": "#0"}
			}
		},
		{
			"from": [7.889, 21.265, 7.644],
			"to": [8.111, 21.381, 7.812],
			"rotation": {"angle": 0, "axis": "y", "origin": [-1.28, -1.44, -1.28]},
			"faces": {
				"north": {"uv": [6.5, 5, 6.625, 5.0625], "texture": "#0"},
				"east": {"uv": [7, 3, 7.0625, 3.0625], "texture": "#0"},
				"south": {"uv": [5.5, 6.5, 5.625, 6.5625], "texture": "#0"},
				"west": {"uv": [3.5, 7, 3.5625, 7.0625], "texture": "#0"},
				"up": {"uv": [6.625, 5.5625, 6.5, 5.5], "texture": "#0"},
				"down": {"uv": [6.125, 6.5, 6, 6.5625], "texture": "#0"}
			}
		},
		{
			"from": [7.989, 21.265, 7.524],
			"to": [8.036, 21.306, 7.642],
			"rotation": {"angle": 0, "axis": "y", "origin": [-1.28, -1.44, -1.28]},
			"faces": {
				"north": {"uv": [7, 3.5, 7.0625, 3.5625], "texture": "#0"},
				"east": {"uv": [4, 7, 4.0625, 7.0625], "texture": "#0"},
				"south": {"uv": [7, 4, 7.0625, 4.0625], "texture": "#0"},
				"west": {"uv": [4.5, 7, 4.5625, 7.0625], "texture": "#0"},
				"up": {"uv": [7.0625, 4.5625, 7, 4.5], "texture": "#0"},
				"down": {"uv": [5.0625, 7, 5, 7.0625], "texture": "#0"}
			}
		},
		{
			"from": [7.989, 21.305, 7.599],
			"to": [8.036, 21.346, 7.642],
			"rotation": {"angle": 0, "axis": "y", "origin": [-1.28, -1.44, -1.28]},
			"faces": {
				"north": {"uv": [7, 5, 7.0625, 5.0625], "texture": "#0"},
				"east": {"uv": [5.5, 7, 5.5625, 7.0625], "texture": "#0"},
				"south": {"uv": [7, 5.5, 7.0625, 5.5625], "texture": "#0"},
				"west": {"uv": [6, 7, 6.0625, 7.0625], "texture": "#0"},
				"up": {"uv": [7.0625, 6.0625, 7, 6], "texture": "#0"},
				"down": {"uv": [6.5625, 7, 6.5, 7.0625], "texture": "#0"}
			}
		},
		{
			"from": [7.914, 21.38, 7.774],
			"to": [8.086, 21.421, 7.817],
			"rotation": {"angle": 0, "axis": "y", "origin": [-1.28, -1.44, -1.28]},
			"faces": {
				"north": {"uv": [7, 6.5, 7.0625, 6.5625], "texture": "#0"},
				"east": {"uv": [7, 7, 7.0625, 7.0625], "texture": "#0"},
				"south": {"uv": [7.5, 0, 7.5625, 0.0625], "texture": "#0"},
				"west": {"uv": [7.5, 0.5, 7.5625, 0.5625], "texture": "#0"},
				"up": {"uv": [7.5625, 1.0625, 7.5, 1], "texture": "#0"},
				"down": {"uv": [7.5625, 1.5, 7.5, 1.5625], "texture": "#0"}
			}
		},
		{
			"from": [7.914, 21.455, 8.04],
			"to": [8.086, 21.496, 8.083],
			"rotation": {"angle": 0, "axis": "y", "origin": [-1.28, -1.44, -1.28]},
			"faces": {
				"north": {"uv": [7.5, 2, 7.5625, 2.0625], "texture": "#0"},
				"east": {"uv": [7.5, 2.5, 7.5625, 2.5625], "texture": "#0"},
				"south": {"uv": [7.5, 3, 7.5625, 3.0625], "texture": "#0"},
				"west": {"uv": [3.5, 7.5, 3.5625, 7.5625], "texture": "#0"},
				"up": {"uv": [7.5625, 3.5625, 7.5, 3.5], "texture": "#0"},
				"down": {"uv": [4.0625, 7.5, 4, 7.5625], "texture": "#0"}
			}
		},
		{
			"from": [7.864, 21.255, 8.39],
			"to": [8.136, 21.521, 8.433],
			"rotation": {"angle": 0, "axis": "y", "origin": [-1.28, -1.44, -1.28]},
			"faces": {
				"north": {"uv": [6.5, 4, 6.625, 4.125], "texture": "#0"},
				"east": {"uv": [6.5, 6, 6.5625, 6.125], "texture": "#0"},
				"south": {"uv": [4.5, 6.5, 4.625, 6.625], "texture": "#0"},
				"west": {"uv": [6.5, 6.5, 6.5625, 6.625], "texture": "#0"},
				"up": {"uv": [7.125, 0.0625, 7, 0], "texture": "#0"},
				"down": {"uv": [7.125, 0.5, 7, 0.5625], "texture": "#0"}
			}
		}
	],
	"display": {
		"thirdperson_righthand": {
			"translation": [0, 2.25, 0.25],
			"scale": [1, 1.28, 1]
		},
		"thirdperson_lefthand": {
			"rotation": [-157, 0, 0],
			"translation": [-1.75, -4, 0.75],
			"scale": [0.94, 1.37, 1.28]
		},
		"firstperson_righthand": {
			"rotation": [-13, 0, 0],
			"translation": [0, -0.25, 2.75],
			"scale": [1, 1.5, 1]
		},
		"firstperson_lefthand": {
			"rotation": [146, 16, 10],
			"translation": [-1.5, 3.75, 2]
		},
		"ground": {
			"translation": [0, 6.5, 0],
			"scale": [1, 1.5, 1]
		},
		"gui": {
			"rotation": [-52, 56, 93],
			"translation": [2.25, -2.5, 0]
		},
		"fixed": {
			"rotation": [0, 0, 43],
			"translation": [2.25, -2.25, 0],
			"scale": [1, 1.21, 1]
		}
	},
	"groups": [
		{
			"name": "group",
			"origin": [8.41285, 8.20927, 8.16164],
			"color": 0,
			"nbt": "{}",
			"children": [0, 1, 2, 3, 4, 5, 6, 7, 8, 9, 10, 11, 12, 13, 14, 15, 16, 17, 18, 19, 20, 21, 22, 23, 24, 25, 26, 27, 28, 29, 30, 31, 32, 33, 34]
		},
		{
			"name": "group",
			"origin": [17.28, -1.44, -1.28],
			"color": 0,
			"nbt": "{}",
			"children": [35, 36, 37, 38, 39, 40, 41, 42, 43, 44, 45, 46, 47, 48, 49, 50, 51, 52, 53, 54, 55, 56, 57, 58]
		},
		{
			"name": "group",
			"origin": [-1.28, -1.44, -1.28],
			"color": 0,
			"nbt": "{}",
			"children": [59, 60, 61, 62, 63, 64, 65, 66, 67, 68, 69, 70, 71, 72, 73, 74]
		}
	]
}