{
	"credit": "Made with Blockbench",
	"textures": {
		"0": "./Red-Bull-Wallpaper-30-1024x768",
		"1": "./up down",
		"2": "./texture",
		"particle": "./Red-Bull-Wallpaper-30-1024x768"
	},
	"elements": [
		{
			"from": [6, 0, 7],
			"to": [8, 5, 9],
			"faces": {
				"north": {"uv": [0, 0, 2, 5], "texture": "#1"},
				"east": {"uv": [2, 0, 4, 5], "texture": "#1"},
				"south": {"uv": [4, 0, 6, 5], "texture": "#1"},
				"west": {"uv": [0, 5, 2, 10], "texture": "#1"},
				"up": {"uv": [4, 7, 2, 5], "texture": "#1"},
				"down": {"uv": [6, 5, 4, 7], "texture": "#1"}
			}
		},
		{
			"from": [6.1, 0.2, 6.9],
			"to": [7.9, 5, 7],
			"faces": {
				"north": {"uv": [1.71875, 4.1875, 8.45625, 12.3], "texture": "#0"},
				"east": {"uv": [1.71875, 4.1875, 6.75625, 12.3], "texture": "#0"},
				"south": {"uv": [1.71875, 4.1875, 8.45625, 12.3], "texture": "#0"},
				"west": {"uv": [1.71875, 4.1875, 6.75625, 12.3], "texture": "#0"},
				"up": {"uv": [0, 0, 1.8, 0.1], "texture": "#0"},
				"down": {"uv": [0, 0, 1.8, 0.1], "texture": "#0"}
			}
		},
		{
			"from": [6.1, 0.2, 9],
			"to": [7.9, 5, 9.1],
			"faces": {
				"north": {"uv": [1.29688, 3.73438, 8.87813, 12.925], "texture": "#0"},
				"east": {"uv": [1.42813, 3.6979, 8.87603, 12.9219], "texture": "#0"},
				"south": {"uv": [1.20313, 3.6979, 8.90103, 12.9219], "texture": "#0"},
				"west": {"uv": [1.29688, 3.73438, 8.92813, 12.925], "texture": "#0"},
				"up": {"uv": [0, 0, 1.8, 0.1], "texture": "#0"},
				"down": {"uv": [0, 0, 1.8, 0.1], "texture": "#0"}
			}
		},
		{
			"from": [5.9, 0.2, 7.1],
			"to": [6, 5, 8.9],
			"faces": {
				"north": {"uv": [0.2969, 3.51563, 5.60003, 13.175], "texture": "#0"},
				"east": {"uv": [16, 16, 16, 16], "texture": "#0"},
				"south": {"uv": [0.2969, 3.51563, 5.60003, 13.175], "texture": "#0"},
				"west": {"uv": [7.0208, 3.7292, 14.7187, 12.9532], "texture": "#0"},
				"up": {"uv": [5.375, 0.96875, 7.89688, 1.84688], "texture": "#0"},
				"down": {"uv": [5.375, 0.96875, 7.89688, 1.84688], "texture": "#0"}
			}
		},
		{
			"from": [8, 0.2, 7.1],
			"to": [8.1, 5, 8.9],
			"faces": {
				"north": {"uv": [0.04688, 3.6875, 5.92813, 12.87813], "texture": "#0"},
				"east": {"uv": [7.02083, 3.72917, 14.71875, 12.95313], "texture": "#0"},
				"south": {"uv": [0.25, 3.73438, 6.13125, 12.925], "texture": "#0"},
				"west": {"uv": [16, 16, 16, 16], "texture": "#0"},
				"up": {"uv": [3.75, 0.75, 6.4375, 1.51875], "texture": "#0"},
				"down": {"uv": [3.75, 0.75, 6.4375, 1.51875], "texture": "#0"}
			}
		},
		{
			"from": [6.6, 5, 7.2],
			"to": [7.4, 5.1, 8.3],
			"faces": {
				"north": {"uv": [0, 0, 1, 1], "texture": "#2"},
				"east": {"uv": [0, 1, 1, 2], "texture": "#2"},
				"south": {"uv": [1, 0, 2, 1], "texture": "#2"},
				"west": {"uv": [1, 1, 2, 2], "texture": "#2"},
				"up": {"uv": [1, 3, 0, 2], "texture": "#2"},
				"down": {"uv": [3, 0, 2, 1], "texture": "#2"}
			}
		}
	],
	"display": {
		"thirdperson_righthand": {
			"translation": [1, 4.25, -0.5]
		},
		"firstperson_righthand": {
			"rotation": [0, 80, 0],
			"translation": [0, 8.5, -2.75],
			"scale": [1.5, 1.5, 1.5]
		},
		"firstperson_lefthand": {
			"rotation": [0, 80, 0],
			"translation": [0, 8.5, -0.75],
			"scale": [1.5, 1.5, 1.5]
		},
		"ground": {
			"translation": [0, 8, 0],
			"scale": [1.5, 1.5, 1.5]
		},
		"gui": {
			"rotation": [10, 90, 0],
			"translation": [0, 11.75, 0],
			"scale": [2.2, 2.2, 2.2]
		},
		"fixed": {
			"rotation": [0, 90, 0],
			"translation": [0, 10.5, -1],
			"scale": [2, 2, 2]
		}
	}
}