{
	"credit": "Made with Blockbench",
	"textures": {
		"0": "./void_animate_e",
		"1": "./konez",
		"2": "./rychka",
		"3": "./kolco",
		"4": "./lesvie",
		"5": "./konia",
		"6": "./roga",
		"7": "./kolco2",
		"particle": "./void_animate_e"
	},
	"elements": [
		{
			"from": [7.69891, 14.2, 7.8],
			"to": [8.37391, 16.175, 8.2],
			"rotation": {"angle": 0, "axis": "y", "origin": [7.57391, 15.325, 7.29375]},
			"faces": {
				"north": {"uv": [0, 2.5, 0.375, 3.5], "texture": "#4"},
				"east": {"uv": [0, 3.5, 0.25, 4.5], "texture": "#4"},
				"south": {"uv": [0.5, 2.5, 0.875, 3.5], "texture": "#4"},
				"west": {"uv": [3.5, 0, 3.75, 1], "texture": "#4"},
				"up": {"uv": [4.375, 6.25, 4, 6], "texture": "#4"},
				"down": {"uv": [4.875, 6, 4.5, 6.25], "texture": "#4"}
			}
		},
		{
			"from": [8.07391, 15.975, 7.825],
			"to": [8.74891, 17.325, 8.175],
			"rotation": {"angle": -22.5, "axis": "z", "origin": [8.41141, 16.9625, 8]},
			"faces": {
				"north": {"uv": [1.5, 3.5, 1.875, 4.125], "texture": "#4"},
				"east": {"uv": [6.5, 5, 6.625, 5.625], "texture": "#4"},
				"south": {"uv": [2, 3.5, 2.375, 4.125], "texture": "#4"},
				"west": {"uv": [5.5, 6.5, 5.625, 7.125], "texture": "#4"},
				"up": {"uv": [1.875, 8.125, 1.5, 8], "texture": "#4"},
				"down": {"uv": [8.375, 1.5, 8, 1.625], "texture": "#4"}
			}
		},
		{
			"from": [8.65432, 16.97379, 7.85],
			"to": [9.32932, 19.19879, 8.15],
			"rotation": {"angle": -45, "axis": "z", "origin": [8.99182, 17.64879, 8]},
			"faces": {
				"north": {"uv": [1.5, 2, 1.875, 3.125], "texture": "#4"},
				"east": {"uv": [0.5, 5.5, 0.625, 6.625], "texture": "#4"},
				"south": {"uv": [2, 1.5, 2.375, 2.625], "texture": "#4"},
				"west": {"uv": [1, 5.5, 1.125, 6.625], "texture": "#4"},
				"up": {"uv": [2.375, 8.125, 2, 8], "texture": "#4"},
				"down": {"uv": [8.375, 2, 8, 2.125], "texture": "#4"}
			}
		},
		{
			"from": [7.69891, 14.225, 7.825],
			"to": [8.14891, 14.85, 8.175],
			"rotation": {"angle": 45, "axis": "z", "origin": [8.03641, 15.2125, 8]},
			"faces": {
				"north": {"uv": [5, 6, 5.25, 6.375], "texture": "#4"},
				"east": {"uv": [2.5, 8, 2.625, 8.375], "texture": "#4"},
				"south": {"uv": [5.5, 6, 5.75, 6.375], "texture": "#4"},
				"west": {"uv": [8, 2.5, 8.125, 2.875], "texture": "#4"},
				"up": {"uv": [8.75, 4.625, 8.5, 4.5], "texture": "#4"},
				"down": {"uv": [5.25, 8.5, 5, 8.625], "texture": "#4"}
			}
		},
		{
			"from": [7.69891, 15.4, 7.825],
			"to": [7.94891, 15.7, 8.175],
			"rotation": {"angle": 45, "axis": "z", "origin": [8.03641, 16.2375, 8]},
			"faces": {
				"north": {"uv": [7.5, 9, 7.625, 9.125], "texture": "#4"},
				"east": {"uv": [9, 7.5, 9.125, 7.625], "texture": "#4"},
				"south": {"uv": [8, 9, 8.125, 9.125], "texture": "#4"},
				"west": {"uv": [9, 8, 9.125, 8.125], "texture": "#4"},
				"up": {"uv": [8.625, 9.125, 8.5, 9], "texture": "#4"},
				"down": {"uv": [9.125, 8.5, 9, 8.625], "texture": "#4"}
			}
		},
		{
			"from": [7.82391, 16.275, 7.85],
			"to": [8.07391, 16.575, 8.15],
			"rotation": {"angle": 45, "axis": "z", "origin": [8.16141, 17.1125, 8]},
			"faces": {
				"north": {"uv": [9, 9, 9.125, 9.125], "texture": "#4"},
				"east": {"uv": [0, 9.5, 0.125, 9.625], "texture": "#4"},
				"south": {"uv": [9.5, 0, 9.625, 0.125], "texture": "#4"},
				"west": {"uv": [0.5, 9.5, 0.625, 9.625], "texture": "#4"},
				"up": {"uv": [9.625, 0.625, 9.5, 0.5], "texture": "#4"},
				"down": {"uv": [1.125, 9.5, 1, 9.625], "texture": "#4"}
			}
		},
		{
			"from": [7.79729, 16.4511, 7.85],
			"to": [8.04729, 16.7511, 8.15],
			"rotation": {"angle": 22.5, "axis": "z", "origin": [7.92229, 16.6011, 8]},
			"faces": {
				"north": {"uv": [9.5, 1, 9.625, 1.125], "texture": "#4"},
				"east": {"uv": [1.5, 9.5, 1.625, 9.625], "texture": "#4"},
				"south": {"uv": [9.5, 1.5, 9.625, 1.625], "texture": "#4"},
				"west": {"uv": [2, 9.5, 2.125, 9.625], "texture": "#4"},
				"up": {"uv": [9.625, 2.125, 9.5, 2], "texture": "#4"},
				"down": {"uv": [2.625, 9.5, 2.5, 9.625], "texture": "#4"}
			}
		},
		{
			"from": [8.37229, 17.3511, 7.875],
			"to": [8.62229, 17.6511, 8.125],
			"rotation": {"angle": 22.5, "axis": "z", "origin": [8.49729, 17.5011, 8]},
			"faces": {
				"north": {"uv": [9.5, 2.5, 9.625, 2.625], "texture": "#4"},
				"east": {"uv": [3, 9.5, 3.125, 9.625], "texture": "#4"},
				"south": {"uv": [9.5, 3, 9.625, 3.125], "texture": "#4"},
				"west": {"uv": [3.5, 9.5, 3.625, 9.625], "texture": "#4"},
				"up": {"uv": [9.625, 3.625, 9.5, 3.5], "texture": "#4"},
				"down": {"uv": [4.125, 9.5, 4, 9.625], "texture": "#4"}
			}
		},
		{
			"from": [8.77229, 17.0761, 7.875],
			"to": [9.02229, 17.3761, 8.125],
			"rotation": {"angle": 22.5, "axis": "z", "origin": [8.89729, 17.2261, 8]},
			"faces": {
				"north": {"uv": [9.5, 4, 9.625, 4.125], "texture": "#4"},
				"east": {"uv": [4.5, 9.5, 4.625, 9.625], "texture": "#4"},
				"south": {"uv": [9.5, 4.5, 9.625, 4.625], "texture": "#4"},
				"west": {"uv": [5, 9.5, 5.125, 9.625], "texture": "#4"},
				"up": {"uv": [9.625, 5.125, 9.5, 5], "texture": "#4"},
				"down": {"uv": [5.625, 9.5, 5.5, 9.625], "texture": "#4"}
			}
		},
		{
			"from": [9.49729, 17.7011, 7.875],
			"to": [9.87229, 18.0511, 8.125],
			"rotation": {"angle": 22.5, "axis": "z", "origin": [9.69729, 17.9011, 8]},
			"faces": {
				"north": {"uv": [8.5, 5, 8.75, 5.125], "texture": "#4"},
				"east": {"uv": [9.5, 5.5, 9.625, 5.625], "texture": "#4"},
				"south": {"uv": [5.5, 8.5, 5.75, 8.625], "texture": "#4"},
				"west": {"uv": [6, 9.5, 6.125, 9.625], "texture": "#4"},
				"up": {"uv": [8.75, 5.625, 8.5, 5.5], "texture": "#4"},
				"down": {"uv": [6.25, 8.5, 6, 8.625], "texture": "#4"}
			}
		},
		{
			"from": [8.80781, 17.94822, 7.875],
			"to": [9.38281, 18.49822, 8.125],
			"rotation": {"angle": 0, "axis": "y", "origin": [8.99531, 18.12322, 8]},
			"faces": {
				"north": {"uv": [7.5, 0.5, 7.75, 0.75], "texture": "#4"},
				"east": {"uv": [8.5, 6, 8.625, 6.25], "texture": "#4"},
				"south": {"uv": [1.5, 7.5, 1.75, 7.75], "texture": "#4"},
				"west": {"uv": [6.5, 8.5, 6.625, 8.75], "texture": "#4"},
				"up": {"uv": [8.75, 6.625, 8.5, 6.5], "texture": "#4"},
				"down": {"uv": [7.25, 8.5, 7, 8.625], "texture": "#4"}
			}
		},
		{
			"from": [9.60781, 18.57322, 7.875],
			"to": [10.25781, 19.49822, 8.125],
			"rotation": {"angle": 0, "axis": "y", "origin": [9.79531, 18.87322, 8]},
			"faces": {
				"north": {"uv": [2.5, 3.5, 2.875, 4], "texture": "#4"},
				"east": {"uv": [7.5, 1.5, 7.625, 2], "texture": "#4"},
				"south": {"uv": [0, 4.5, 0.375, 5], "texture": "#4"},
				"west": {"uv": [2, 7.5, 2.125, 8], "texture": "#4"},
				"up": {"uv": [3.375, 8.125, 3, 8], "texture": "#4"},
				"down": {"uv": [8.375, 3, 8, 3.125], "texture": "#4"}
			}
		},
		{
			"from": [9.473, 19.37322, 7.9],
			"to": [10.223, 19.89822, 8.1],
			"rotation": {"angle": -45, "axis": "z", "origin": [9.747, 19.64822, 8]},
			"faces": {
				"north": {"uv": [6, 6, 6.375, 6.25], "texture": "#4"},
				"east": {"uv": [8.5, 7, 8.625, 7.25], "texture": "#4"},
				"south": {"uv": [0, 6.5, 0.375, 6.75], "texture": "#4"},
				"west": {"uv": [7.5, 8.5, 7.625, 8.75], "texture": "#4"},
				"up": {"uv": [3.875, 8.125, 3.5, 8], "texture": "#4"},
				"down": {"uv": [8.375, 3.5, 8, 3.625], "texture": "#4"}
			}
		},
		{
			"from": [9.27182, 19.60403, 7.875],
			"to": [9.84682, 21.00403, 8.125],
			"rotation": {"angle": 0, "axis": "y", "origin": [9.53432, 19.95403, 8]},
			"faces": {
				"north": {"uv": [0.5, 4.5, 0.75, 5.25], "texture": "#4"},
				"east": {"uv": [6.5, 0, 6.625, 0.75], "texture": "#4"},
				"south": {"uv": [1, 4.5, 1.25, 5.25], "texture": "#4"},
				"west": {"uv": [6.5, 1, 6.625, 1.75], "texture": "#4"},
				"up": {"uv": [8.75, 7.625, 8.5, 7.5], "texture": "#4"},
				"down": {"uv": [8.25, 8.5, 8, 8.625], "texture": "#4"}
			}
		},
		{
			"from": [6.49682, 19.67903, 7.875],
			"to": [7.02182, 20.92903, 8.125],
			"rotation": {"angle": 0, "axis": "y", "origin": [6.70932, 19.87903, 8]},
			"faces": {
				"north": {"uv": [4.5, 4, 4.75, 4.625], "texture": "#4"},
				"east": {"uv": [6, 6.5, 6.125, 7.125], "texture": "#4"},
				"south": {"uv": [0, 5, 0.25, 5.625], "texture": "#4"},
				"west": {"uv": [6.5, 6, 6.625, 6.625], "texture": "#4"},
				"up": {"uv": [8.75, 8.125, 8.5, 8], "texture": "#4"},
				"down": {"uv": [8.75, 8.5, 8.5, 8.625], "texture": "#4"}
			}
		},
		{
			"from": [6.39682, 19.02903, 7.9],
			"to": [6.69682, 19.67903, 8.1],
			"rotation": {"angle": 0, "axis": "y", "origin": [6.38432, 18.62903, 8]},
			"faces": {
				"north": {"uv": [4, 8, 4.125, 8.375], "texture": "#4"},
				"east": {"uv": [8, 4, 8.125, 4.375], "texture": "#4"},
				"south": {"uv": [4.5, 8, 4.625, 8.375], "texture": "#4"},
				"west": {"uv": [8, 4.5, 8.125, 4.875], "texture": "#4"},
				"up": {"uv": [9.625, 6.125, 9.5, 6], "texture": "#4"},
				"down": {"uv": [6.625, 9.5, 6.5, 9.625], "texture": "#4"}
			}
		},
		{
			"from": [5.97182, 19.67903, 7.875],
			"to": [6.49682, 20.92903, 8.125],
			"rotation": {"angle": 0, "axis": "y", "origin": [6.18432, 19.87903, 8]},
			"faces": {
				"north": {"uv": [1.5, 5, 1.75, 5.625], "texture": "#4"},
				"east": {"uv": [0, 7, 0.125, 7.625], "texture": "#4"},
				"south": {"uv": [3, 5, 3.25, 5.625], "texture": "#4"},
				"west": {"uv": [7, 0, 7.125, 0.625], "texture": "#4"},
				"up": {"uv": [0.25, 9.125, 0, 9], "texture": "#4"},
				"down": {"uv": [9.25, 0, 9, 0.125], "texture": "#4"}
			}
		},
		{
			"from": [5.44682, 19.82903, 7.875],
			"to": [5.97182, 20.72903, 8.125],
			"rotation": {"angle": 0, "axis": "y", "origin": [5.65932, 19.87903, 8]},
			"faces": {
				"north": {"uv": [0, 6, 0.25, 6.5], "texture": "#4"},
				"east": {"uv": [7.5, 2, 7.625, 2.5], "texture": "#4"},
				"south": {"uv": [6, 0, 6.25, 0.5], "texture": "#4"},
				"west": {"uv": [7.5, 2.5, 7.625, 3], "texture": "#4"},
				"up": {"uv": [0.75, 9.125, 0.5, 9], "texture": "#4"},
				"down": {"uv": [9.25, 0.5, 9, 0.625], "texture": "#4"}
			}
		},
		{
			"from": [5.14682, 20.60403, 7.9],
			"to": [6.37182, 21.15403, 8.1],
			"rotation": {"angle": 45, "axis": "z", "origin": [6.05932, 20.86653, 8]},
			"faces": {
				"north": {"uv": [5, 0, 5.625, 0.25], "texture": "#4"},
				"east": {"uv": [1, 9, 1.125, 9.25], "texture": "#4"},
				"south": {"uv": [5, 1, 5.625, 1.25], "texture": "#4"},
				"west": {"uv": [9, 1, 9.125, 1.25], "texture": "#4"},
				"up": {"uv": [1.125, 7.125, 0.5, 7], "texture": "#4"},
				"down": {"uv": [7.625, 1, 7, 1.125], "texture": "#4"}
			}
		},
		{
			"from": [4.19682, 20.20403, 7.9],
			"to": [4.74682, 21.17903, 8.1],
			"rotation": {"angle": 45, "axis": "z", "origin": [4.48432, 20.86653, 8]},
			"faces": {
				"north": {"uv": [6, 0.5, 6.25, 1], "texture": "#4"},
				"east": {"uv": [7.5, 3, 7.625, 3.5], "texture": "#4"},
				"south": {"uv": [6, 1, 6.25, 1.5], "texture": "#4"},
				"west": {"uv": [7.5, 3.5, 7.625, 4], "texture": "#4"},
				"up": {"uv": [1.75, 9.125, 1.5, 9], "texture": "#4"},
				"down": {"uv": [9.25, 1.5, 9, 1.625], "texture": "#4"}
			}
		},
		{
			"from": [-0.22059, 19.83143, 7.9],
			"to": [3.00441, 20.48143, 8.1],
			"rotation": {"angle": 22.5, "axis": "z", "origin": [2.36691, 20.30643, 8]},
			"faces": {
				"north": {"uv": [0, 0, 1.625, 0.375], "texture": "#4"},
				"east": {"uv": [5, 8, 5.125, 8.375], "texture": "#4"},
				"south": {"uv": [0, 0.5, 1.625, 0.875], "texture": "#4"},
				"west": {"uv": [8, 5, 8.125, 5.375], "texture": "#4"},
				"up": {"uv": [5.625, 0.625, 4, 0.5], "texture": "#4"},
				"down": {"uv": [5.625, 1.5, 4, 1.625], "texture": "#4"}
			}
		},
		{
			"from": [-0.71474, 18.47462, 7.925],
			"to": [-0.21474, 19.57462, 8.075],
			"rotation": {"angle": -45, "axis": "z", "origin": [-0.51474, 18.76212, 8]},
			"faces": {
				"north": {"uv": [1.5, 6, 1.75, 6.5], "texture": "#4"},
				"east": {"uv": [7.5, 4, 7.625, 4.5], "texture": "#4"},
				"south": {"uv": [6, 1.5, 6.25, 2], "texture": "#4"},
				"west": {"uv": [7.5, 4.5, 7.625, 5], "texture": "#4"},
				"up": {"uv": [2.25, 9.125, 2, 9], "texture": "#4"},
				"down": {"uv": [9.25, 2, 9, 2.125], "texture": "#4"}
			}
		},
		{
			"from": [3.32971, 20.5264, 7.925],
			"to": [4.37971, 21.8014, 8.075],
			"rotation": {"angle": 22.5, "axis": "z", "origin": [3.87971, 21.5889, 8]},
			"faces": {
				"north": {"uv": [1, 2.5, 1.5, 3.125], "texture": "#4"},
				"east": {"uv": [7, 1.5, 7.125, 2.125], "texture": "#4"},
				"south": {"uv": [3, 3, 3.5, 3.625], "texture": "#4"},
				"west": {"uv": [2.5, 7, 2.625, 7.625], "texture": "#4"},
				"up": {"uv": [8, 5.125, 7.5, 5], "texture": "#4"},
				"down": {"uv": [6, 7.5, 5.5, 7.625], "texture": "#4"}
			}
		},
		{
			"from": [2.35471, 20.4014, 7.95],
			"to": [3.42971, 21.3514, 8.05],
			"rotation": {"angle": 22.5, "axis": "z", "origin": [2.90471, 21.1889, 8]},
			"faces": {
				"north": {"uv": [0.5, 3.5, 1, 4], "texture": "#4"},
				"east": {"uv": [7.5, 5.5, 7.625, 6], "texture": "#4"},
				"south": {"uv": [1, 3.5, 1.5, 4], "texture": "#4"},
				"west": {"uv": [6, 7.5, 6.125, 8], "texture": "#4"},
				"up": {"uv": [8, 6.125, 7.5, 6], "texture": "#4"},
				"down": {"uv": [7.5, 7.5, 7, 7.625], "texture": "#4"}
			}
		},
		{
			"from": [1.37971, 19.9514, 7.95],
			"to": [2.45471, 20.7514, 8.05],
			"rotation": {"angle": 22.5, "axis": "z", "origin": [1.92971, 20.7389, 8]},
			"faces": {
				"north": {"uv": [4.5, 1, 5, 1.375], "texture": "#4"},
				"east": {"uv": [5.5, 8, 5.625, 8.375], "texture": "#4"},
				"south": {"uv": [1.5, 4.5, 2, 4.875], "texture": "#4"},
				"west": {"uv": [8, 5.5, 8.125, 5.875], "texture": "#4"},
				"up": {"uv": [8, 7.625, 7.5, 7.5], "texture": "#4"},
				"down": {"uv": [0.5, 8, 0, 8.125], "texture": "#4"}
			}
		},
		{
			"from": [0.57971, 19.8514, 7.975],
			"to": [1.35471, 20.1764, 8.025],
			"rotation": {"angle": 22.5, "axis": "z", "origin": [0.80471, 20.6389, 8]},
			"faces": {
				"north": {"uv": [6, 8, 6.375, 8.125], "texture": "#4"},
				"east": {"uv": [9.5, 6.5, 9.625, 6.625], "texture": "#4"},
				"south": {"uv": [8, 6, 8.375, 6.125], "texture": "#4"},
				"west": {"uv": [7, 9.5, 7.125, 9.625], "texture": "#4"},
				"up": {"uv": [6.875, 8.125, 6.5, 8], "texture": "#4"},
				"down": {"uv": [8.375, 6.5, 8, 6.625], "texture": "#4"}
			}
		},
		{
			"from": [0.27971, 19.4764, 8],
			"to": [0.70471, 19.8264, 8.025],
			"rotation": {"angle": 22.5, "axis": "z", "origin": [0.15471, 20.2639, 8]},
			"faces": {
				"north": {"uv": [2.5, 9, 2.75, 9.125], "texture": "#4"},
				"east": {"uv": [9.5, 7, 9.625, 7.125], "texture": "#4"},
				"south": {"uv": [9, 2.5, 9.25, 2.625], "texture": "#4"},
				"west": {"uv": [7.5, 9.5, 7.625, 9.625], "texture": "#4"},
				"up": {"uv": [3.25, 9.125, 3, 9], "texture": "#4"},
				"down": {"uv": [9.25, 3, 9, 3.125], "texture": "#4"}
			}
		},
		{
			"from": [-0.08, 19.2514, 8],
			"to": [0.345, 19.6014, 8.025],
			"rotation": {"angle": 22.5, "axis": "z", "origin": [-0.14529, 20.0389, 8]},
			"faces": {
				"north": {"uv": [3.5, 9, 3.75, 9.125], "texture": "#4"},
				"east": {"uv": [9.5, 7.5, 9.625, 7.625], "texture": "#4"},
				"south": {"uv": [9, 3.5, 9.25, 3.625], "texture": "#4"},
				"west": {"uv": [8, 9.5, 8.125, 9.625], "texture": "#4"},
				"up": {"uv": [4.25, 9.125, 4, 9], "texture": "#4"},
				"down": {"uv": [9.25, 4, 9, 4.125], "texture": "#4"}
			}
		},
		{
			"from": [1.70395, 20.85111, 7.975],
			"to": [2.47895, 21.02611, 8.025],
			"rotation": {"angle": 22.5, "axis": "z", "origin": [2.24145, 20.75111, 8]},
			"faces": {
				"north": {"uv": [7, 8, 7.375, 8.125], "texture": "#4"},
				"east": {"uv": [9.5, 8, 9.625, 8.125], "texture": "#4"},
				"south": {"uv": [8, 7, 8.375, 7.125], "texture": "#4"},
				"west": {"uv": [8.5, 9.5, 8.625, 9.625], "texture": "#4"},
				"up": {"uv": [7.875, 8.125, 7.5, 8], "texture": "#4"},
				"down": {"uv": [8.375, 7.5, 8, 7.625], "texture": "#4"}
			}
		},
		{
			"from": [-1.46474, 17.39962, 7.95],
			"to": [-0.96474, 18.79962, 8.05],
			"rotation": {"angle": -45, "axis": "z", "origin": [-1.26474, 18.01212, 8]},
			"faces": {
				"north": {"uv": [2, 4.5, 2.25, 5.25], "texture": "#4"},
				"east": {"uv": [1.5, 6.5, 1.625, 7.25], "texture": "#4"},
				"south": {"uv": [2.5, 4.5, 2.75, 5.25], "texture": "#4"},
				"west": {"uv": [2, 6.5, 2.125, 7.25], "texture": "#4"},
				"up": {"uv": [4.75, 9.125, 4.5, 9], "texture": "#4"},
				"down": {"uv": [9.25, 4.5, 9, 4.625], "texture": "#4"}
			}
		},
		{
			"from": [-2.12358, 16.39471, 7.975],
			"to": [-1.82358, 17.74471, 8.025],
			"rotation": {"angle": -22.5, "axis": "z", "origin": [-2.02358, 17.01971, 8]},
			"faces": {
				"north": {"uv": [7, 2.5, 7.125, 3.125], "texture": "#4"},
				"east": {"uv": [3, 7, 3.125, 7.625], "texture": "#4"},
				"south": {"uv": [3.5, 7, 3.625, 7.625], "texture": "#4"},
				"west": {"uv": [7, 3.5, 7.125, 4.125], "texture": "#4"},
				"up": {"uv": [9.625, 8.625, 9.5, 8.5], "texture": "#4"},
				"down": {"uv": [9.125, 9.5, 9, 9.625], "texture": "#4"}
			}
		},
		{
			"from": [-1.7785, 16.17068, 8],
			"to": [-1.6035, 17.52068, 8],
			"rotation": {"angle": -45, "axis": "z", "origin": [-1.691, 16.84568, 8]},
			"faces": {
				"north": {"uv": [4, 7, 4.125, 7.625], "texture": "#4"},
				"east": {"uv": [0, 0, 0, 0.625], "texture": "#4"},
				"south": {"uv": [4.5, 7, 4.625, 7.625], "texture": "#4"},
				"west": {"uv": [0, 0, 0, 0.625], "texture": "#4"},
				"up": {"uv": [0.125, 0, 0, 0], "texture": "#4"},
				"down": {"uv": [0.125, 0, 0, 0], "texture": "#4"}
			}
		},
		{
			"from": [-1.7535, 16.52068, 8],
			"to": [-1.6035, 17.77068, 8],
			"rotation": {"angle": -45, "axis": "z", "origin": [-1.691, 17.09568, 8]},
			"faces": {
				"north": {"uv": [7, 4.5, 7.125, 5.125], "texture": "#4"},
				"east": {"uv": [0, 0, 0, 0.625], "texture": "#4"},
				"south": {"uv": [5, 7, 5.125, 7.625], "texture": "#4"},
				"west": {"uv": [0, 0, 0, 0.625], "texture": "#4"},
				"up": {"uv": [0.125, 0, 0, 0], "texture": "#4"},
				"down": {"uv": [0.125, 0, 0, 0], "texture": "#4"}
			}
		},
		{
			"from": [-1.7785, 16.69568, 8],
			"to": [-1.6285, 17.94568, 8],
			"rotation": {"angle": -45, "axis": "z", "origin": [-1.716, 17.27068, 8]},
			"faces": {
				"north": {"uv": [7, 5.5, 7.125, 6.125], "texture": "#4"},
				"east": {"uv": [0, 0, 0, 0.625], "texture": "#4"},
				"south": {"uv": [6.5, 7, 6.625, 7.625], "texture": "#4"},
				"west": {"uv": [0, 0, 0, 0.625], "texture": "#4"},
				"up": {"uv": [0.125, 0, 0, 0], "texture": "#4"},
				"down": {"uv": [0.125, 0, 0, 0], "texture": "#4"}
			}
		},
		{
			"from": [4.72182, 19.87903, 7.875],
			"to": [5.44682, 20.72903, 8.125],
			"rotation": {"angle": 0, "axis": "y", "origin": [5.13432, 19.87903, 8]},
			"faces": {
				"north": {"uv": [2, 5.5, 2.375, 5.875], "texture": "#4"},
				"east": {"uv": [8, 8, 8.125, 8.375], "texture": "#4"},
				"south": {"uv": [2.5, 5.5, 2.875, 5.875], "texture": "#4"},
				"west": {"uv": [0, 8.5, 0.125, 8.875], "texture": "#4"},
				"up": {"uv": [8.875, 0.125, 8.5, 0], "texture": "#4"},
				"down": {"uv": [0.875, 8.5, 0.5, 8.625], "texture": "#4"}
			}
		},
		{
			"from": [2.87182, 19.90403, 7.875],
			"to": [4.72182, 20.72903, 8.125],
			"rotation": {"angle": 0, "axis": "y", "origin": [4.40932, 19.87903, 8]},
			"faces": {
				"north": {"uv": [2.5, 2.5, 3.375, 2.875], "texture": "#4"},
				"east": {"uv": [8.5, 0.5, 8.625, 0.875], "texture": "#4"},
				"south": {"uv": [2, 3, 2.875, 3.375], "texture": "#4"},
				"west": {"uv": [1, 8.5, 1.125, 8.875], "texture": "#4"},
				"up": {"uv": [2.875, 6.125, 2, 6], "texture": "#4"},
				"down": {"uv": [6.875, 2, 6, 2.125], "texture": "#4"}
			}
		},
		{
			"from": [1.99682, 19.50403, 7.875],
			"to": [3.77182, 20.00403, 8.125],
			"rotation": {"angle": 0, "axis": "y", "origin": [2.40932, 18.87903, 8]},
			"faces": {
				"north": {"uv": [4, 0, 4.875, 0.25], "texture": "#4"},
				"east": {"uv": [5, 9, 5.125, 9.25], "texture": "#4"},
				"south": {"uv": [0.5, 4, 1.375, 4.25], "texture": "#4"},
				"west": {"uv": [9, 5, 9.125, 5.25], "texture": "#4"},
				"up": {"uv": [6.875, 2.625, 6, 2.5], "texture": "#4"},
				"down": {"uv": [3.875, 6, 3, 6.125], "texture": "#4"}
			}
		},
		{
			"from": [3.42182, 19.32903, 7.9],
			"to": [6.42182, 19.92903, 8.1],
			"rotation": {"angle": 0, "axis": "y", "origin": [5.05932, 18.70403, 8]},
			"faces": {
				"north": {"uv": [2.5, 1.5, 4, 1.75], "texture": "#4"},
				"east": {"uv": [5.5, 9, 5.625, 9.25], "texture": "#4"},
				"south": {"uv": [2.5, 2, 4, 2.25], "texture": "#4"},
				"west": {"uv": [9, 5.5, 9.125, 5.75], "texture": "#4"},
				"up": {"uv": [6, 2.625, 4.5, 2.5], "texture": "#4"},
				"down": {"uv": [4.5, 4.5, 3, 4.625], "texture": "#4"}
			}
		},
		{
			"from": [-1.77818, 18.27903, 7.975],
			"to": [0.62182, 18.60403, 8.025],
			"rotation": {"angle": 45, "axis": "z", "origin": [-0.15318, 18.32903, 8]},
			"faces": {
				"north": {"uv": [3.5, 5, 4.75, 5.125], "texture": "#4"},
				"east": {"uv": [9.5, 9, 9.625, 9.125], "texture": "#4"},
				"south": {"uv": [5, 4, 6.25, 4.125], "texture": "#4"},
				"west": {"uv": [9.5, 9.5, 9.625, 9.625], "texture": "#4"},
				"up": {"uv": [6.25, 4.625, 5, 4.5], "texture": "#4"},
				"down": {"uv": [6.25, 5, 5, 5.125], "texture": "#4"}
			}
		},
		{
			"from": [0.26675, 18.87056, 8],
			"to": [3.46675, 19.52056, 8.02],
			"rotation": {"angle": 0, "axis": "y", "origin": [2.26675, 18.95806, 8.025]},
			"faces": {
				"north": {"uv": [0, 1, 1.625, 1.375], "texture": "#4"},
				"east": {"uv": [8.5, 1, 8.625, 1.375], "texture": "#4"},
				"south": {"uv": [0, 1.5, 1.625, 1.875], "texture": "#4"},
				"west": {"uv": [1.5, 8.5, 1.625, 8.875], "texture": "#4"},
				"up": {"uv": [5.625, 2.125, 4, 2], "texture": "#4"},
				"down": {"uv": [4.125, 4, 2.5, 4.125], "texture": "#4"}
			}
		},
		{
			"from": [3.79175, 19.22056, 8],
			"to": [5.09175, 19.87056, 8.02],
			"rotation": {"angle": -45, "axis": "z", "origin": [4.44175, 19.54556, 8.01]},
			"faces": {
				"north": {"uv": [3.5, 1, 4.125, 1.375], "texture": "#4"},
				"east": {"uv": [8.5, 1.5, 8.625, 1.875], "texture": "#4"},
				"south": {"uv": [3.5, 2.5, 4.125, 2.875], "texture": "#4"},
				"west": {"uv": [2, 8.5, 2.125, 8.875], "texture": "#4"},
				"up": {"uv": [7.625, 6.625, 7, 6.5], "texture": "#4"},
				"down": {"uv": [7.625, 7, 7, 7.125], "texture": "#4"}
			}
		},
		{
			"from": [5.29175, 19.22056, 8],
			"to": [6.79175, 19.74556, 8.02],
			"rotation": {"angle": -45, "axis": "z", "origin": [5.94175, 19.54556, 8.01]},
			"faces": {
				"north": {"uv": [4.5, 3, 5.25, 3.25], "texture": "#4"},
				"east": {"uv": [6, 9, 6.125, 9.25], "texture": "#4"},
				"south": {"uv": [4.5, 3.5, 5.25, 3.75], "texture": "#4"},
				"west": {"uv": [9, 6, 9.125, 6.25], "texture": "#4"},
				"up": {"uv": [3.25, 6.625, 2.5, 6.5], "texture": "#4"},
				"down": {"uv": [4.25, 6.5, 3.5, 6.625], "texture": "#4"}
			}
		},
		{
			"from": [5.78064, 18.08097, 8.005],
			"to": [6.85564, 18.35597, 8.018],
			"rotation": {"angle": 45, "axis": "z", "origin": [6.49314, 18.26847, 8.011]},
			"faces": {
				"north": {"uv": [0.5, 8, 1, 8.125], "texture": "#4"},
				"east": {"uv": [0, 10, 0.125, 10.125], "texture": "#4"},
				"south": {"uv": [8, 0.5, 8.5, 0.625], "texture": "#4"},
				"west": {"uv": [10, 0, 10.125, 0.125], "texture": "#4"},
				"up": {"uv": [1.5, 8.125, 1, 8], "texture": "#4"},
				"down": {"uv": [8.5, 1, 8, 1.125], "texture": "#4"}
			}
		},
		{
			"from": [6.35767, 18.34022, 8.003],
			"to": [6.88267, 19.06522, 8.019],
			"rotation": {"angle": 22.5, "axis": "z", "origin": [6.64327, 18.53065, 8.01]},
			"faces": {
				"north": {"uv": [6.5, 4, 6.75, 4.375], "texture": "#4"},
				"east": {"uv": [8.5, 2, 8.625, 2.375], "texture": "#4"},
				"south": {"uv": [4.5, 6.5, 4.75, 6.875], "texture": "#4"},
				"west": {"uv": [2.5, 8.5, 2.625, 8.875], "texture": "#4"},
				"up": {"uv": [6.75, 9.125, 6.5, 9], "texture": "#4"},
				"down": {"uv": [9.25, 6.5, 9, 6.625], "texture": "#4"}
			}
		},
		{
			"from": [3.01675, 18.79556, 8.003],
			"to": [4.31675, 19.64556, 8.019],
			"rotation": {"angle": -45, "axis": "z", "origin": [3.66675, 19.12056, 8.01]},
			"faces": {
				"north": {"uv": [3.5, 3, 4.125, 3.375], "texture": "#4"},
				"east": {"uv": [8.5, 2.5, 8.625, 2.875], "texture": "#4"},
				"south": {"uv": [3.5, 3.5, 4.125, 3.875], "texture": "#4"},
				"west": {"uv": [3, 8.5, 3.125, 8.875], "texture": "#4"},
				"up": {"uv": [8.125, 0.125, 7.5, 0], "texture": "#4"},
				"down": {"uv": [1.125, 7.5, 0.5, 7.625], "texture": "#4"}
			}
		},
		{
			"from": [1.04175, 19.52056, 8],
			"to": [3.46675, 20.17056, 8.02],
			"rotation": {"angle": 0, "axis": "y", "origin": [2.26675, 19.60806, 8.025]},
			"faces": {
				"north": {"uv": [0, 2, 1.25, 2.375], "texture": "#4"},
				"east": {"uv": [8.5, 3, 8.625, 3.375], "texture": "#4"},
				"south": {"uv": [2, 0, 3.25, 0.375], "texture": "#4"},
				"west": {"uv": [3.5, 8.5, 3.625, 8.875], "texture": "#4"},
				"up": {"uv": [6.75, 3.125, 5.5, 3], "texture": "#4"},
				"down": {"uv": [4.75, 5.5, 3.5, 5.625], "texture": "#4"}
			}
		},
		{
			"from": [-0.57373, 18.61839, 8.003],
			"to": [2.02627, 19.26839, 8.019],
			"rotation": {"angle": 22.5, "axis": "z", "origin": [0.92925, 18.89556, 8.01]},
			"faces": {
				"north": {"uv": [2, 0.5, 3.25, 0.875], "texture": "#4"},
				"east": {"uv": [8.5, 3.5, 8.625, 3.875], "texture": "#4"},
				"south": {"uv": [2, 1, 3.25, 1.375], "texture": "#4"},
				"west": {"uv": [4, 8.5, 4.125, 8.875], "texture": "#4"},
				"up": {"uv": [6.75, 3.625, 5.5, 3.5], "texture": "#4"},
				"down": {"uv": [6.25, 5.5, 5, 5.625], "texture": "#4"}
			}
		},
		{
			"from": [7.07391, 15.375, 7.825],
			"to": [7.32391, 15.675, 8.175],
			"rotation": {"angle": 45, "axis": "z", "origin": [7.41141, 16.2125, 8]},
			"faces": {
				"north": {"uv": [0.5, 10, 0.625, 10.125], "texture": "#4"},
				"east": {"uv": [10, 0.5, 10.125, 0.625], "texture": "#4"},
				"south": {"uv": [1, 10, 1.125, 10.125], "texture": "#4"},
				"west": {"uv": [10, 1, 10.125, 1.125], "texture": "#4"},
				"up": {"uv": [1.625, 10.125, 1.5, 10], "texture": "#4"},
				"down": {"uv": [10.125, 1.5, 10, 1.625], "texture": "#4"}
			}
		},
		{
			"from": [7.54891, 13.975, 7.825],
			"to": [8.17391, 14.425, 8.175],
			"rotation": {"angle": 45, "axis": "z", "origin": [7.18641, 14.3125, 8]},
			"faces": {
				"north": {"uv": [6.5, 4.5, 6.875, 4.75], "texture": "#4"},
				"east": {"uv": [7, 9, 7.125, 9.25], "texture": "#4"},
				"south": {"uv": [5, 6.5, 5.375, 6.75], "texture": "#4"},
				"west": {"uv": [9, 7, 9.125, 7.25], "texture": "#4"},
				"up": {"uv": [8.875, 4.125, 8.5, 4], "texture": "#4"},
				"down": {"uv": [4.875, 8.5, 4.5, 8.625], "texture": "#4"}
			}
		},
		{
			"name": "hexadecagon",
			"from": [7.95432, 4.06178, 7.66939],
			"to": [8.08581, 12.38768, 8.33044],
			"rotation": {"angle": -45, "axis": "y", "origin": [8.02006, 3.34231, 7.99992]},
			"faces": {
				"north": {"uv": [3, 4.5, 3.0625, 8.6875], "texture": "#2"},
				"east": {"uv": [0, 0, 0.3125, 4.1875], "texture": "#2"},
				"south": {"uv": [3.5, 4.5, 3.5625, 8.6875], "texture": "#2"},
				"west": {"uv": [0.5, 0, 0.8125, 4.1875], "texture": "#2"},
				"up": {"uv": [8.0625, 0.3125, 8, 0], "texture": "#2"},
				"down": {"uv": [8.0625, 0.5, 8, 0.8125], "texture": "#2"}
			}
		},
		{
			"name": "hexadecagon",
			"from": [7.95432, 4.06178, 7.66939],
			"to": [8.08581, 12.38768, 8.33044],
			"rotation": {"angle": -22.5, "axis": "y", "origin": [8.02006, 3.34231, 7.99992]},
			"faces": {
				"north": {"uv": [4, 4.5, 4.0625, 8.6875], "texture": "#2"},
				"east": {"uv": [1, 0, 1.3125, 4.1875], "texture": "#2"},
				"south": {"uv": [4.5, 4.5, 4.5625, 8.6875], "texture": "#2"},
				"west": {"uv": [1.5, 0, 1.8125, 4.1875], "texture": "#2"},
				"up": {"uv": [8.0625, 1.3125, 8, 1], "texture": "#2"},
				"down": {"uv": [8.0625, 1.5, 8, 1.8125], "texture": "#2"}
			}
		},
		{
			"name": "hexadecagon",
			"from": [7.95432, 4.06178, 7.66939],
			"to": [8.08581, 12.38768, 8.33044],
			"rotation": {"angle": 0, "axis": "y", "origin": [8.02006, 3.34231, 7.99992]},
			"faces": {
				"north": {"uv": [5, 0, 5.0625, 4.1875], "texture": "#2"},
				"east": {"uv": [2, 0, 2.3125, 4.1875], "texture": "#2"},
				"south": {"uv": [5, 4.5, 5.0625, 8.6875], "texture": "#2"},
				"west": {"uv": [2.5, 0, 2.8125, 4.1875], "texture": "#2"},
				"up": {"uv": [8.0625, 2.3125, 8, 2], "texture": "#2"},
				"down": {"uv": [8.0625, 2.5, 8, 2.8125], "texture": "#2"}
			}
		},
		{
			"name": "hexadecagon",
			"from": [7.95432, 4.06178, 7.66939],
			"to": [8.08581, 12.38768, 8.33044],
			"rotation": {"angle": 22.5, "axis": "y", "origin": [8.02006, 3.34231, 7.99992]},
			"faces": {
				"north": {"uv": [5.5, 0, 5.5625, 4.1875], "texture": "#2"},
				"east": {"uv": [3, 0, 3.3125, 4.1875], "texture": "#2"},
				"south": {"uv": [5.5, 4.5, 5.5625, 8.6875], "texture": "#2"},
				"west": {"uv": [3.5, 0, 3.8125, 4.1875], "texture": "#2"},
				"up": {"uv": [8.0625, 3.3125, 8, 3], "texture": "#2"},
				"down": {"uv": [8.0625, 3.5, 8, 3.8125], "texture": "#2"}
			}
		},
		{
			"name": "hexadecagon",
			"from": [7.95432, 4.06178, 7.66939],
			"to": [8.08581, 12.38768, 8.33044],
			"rotation": {"angle": 45, "axis": "y", "origin": [8.02006, 3.34231, 7.99992]},
			"faces": {
				"north": {"uv": [6, 0, 6.0625, 4.1875], "texture": "#2"},
				"east": {"uv": [4, 0, 4.3125, 4.1875], "texture": "#2"},
				"south": {"uv": [6, 4.5, 6.0625, 8.6875], "texture": "#2"},
				"west": {"uv": [0, 4.5, 0.3125, 8.6875], "texture": "#2"},
				"up": {"uv": [8.0625, 4.3125, 8, 4], "texture": "#2"},
				"down": {"uv": [8.0625, 4.5, 8, 4.8125], "texture": "#2"}
			}
		},
		{
			"name": "hexadecagon",
			"from": [7.68954, 4.06178, 7.93417],
			"to": [8.35059, 12.38768, 8.06567],
			"rotation": {"angle": -22.5, "axis": "y", "origin": [8.02006, 3.34231, 7.99992]},
			"faces": {
				"north": {"uv": [4.5, 0, 4.8125, 4.1875], "texture": "#2"},
				"east": {"uv": [6.5, 0, 6.5625, 4.1875], "texture": "#2"},
				"south": {"uv": [0.5, 4.5, 0.8125, 8.6875], "texture": "#2"},
				"west": {"uv": [6.5, 4.5, 6.5625, 8.6875], "texture": "#2"},
				"up": {"uv": [8.3125, 5.0625, 8, 5], "texture": "#2"},
				"down": {"uv": [8.3125, 5.5, 8, 5.5625], "texture": "#2"}
			}
		},
		{
			"name": "hexadecagon",
			"from": [7.68954, 4.06178, 7.93417],
			"to": [8.35059, 12.38768, 8.06567],
			"rotation": {"angle": 0, "axis": "y", "origin": [8.02006, 3.34231, 7.99992]},
			"faces": {
				"north": {"uv": [1, 4.5, 1.3125, 8.6875], "texture": "#2"},
				"east": {"uv": [7, 0, 7.0625, 4.1875], "texture": "#2"},
				"south": {"uv": [1.5, 4.5, 1.8125, 8.6875], "texture": "#2"},
				"west": {"uv": [7, 4.5, 7.0625, 8.6875], "texture": "#2"},
				"up": {"uv": [8.3125, 6.0625, 8, 6], "texture": "#2"},
				"down": {"uv": [8.3125, 6.5, 8, 6.5625], "texture": "#2"}
			}
		},
		{
			"name": "hexadecagon",
			"from": [7.68954, 4.06178, 7.93417],
			"to": [8.35059, 12.38768, 8.06567],
			"rotation": {"angle": 22.5, "axis": "y", "origin": [8.02006, 3.34231, 7.99992]},
			"faces": {
				"north": {"uv": [2, 4.5, 2.3125, 8.6875], "texture": "#2"},
				"east": {"uv": [7.5, 0, 7.5625, 4.1875], "texture": "#2"},
				"south": {"uv": [2.5, 4.5, 2.8125, 8.6875], "texture": "#2"},
				"west": {"uv": [7.5, 4.5, 7.5625, 8.6875], "texture": "#2"},
				"up": {"uv": [8.3125, 7.0625, 8, 7], "texture": "#2"},
				"down": {"uv": [8.3125, 7.5, 8, 7.5625], "texture": "#2"}
			}
		},
		{
			"name": "hexadecagon",
			"from": [7.82609, 12.325, 7.5],
			"to": [8.22391, 12.625, 8.5],
			"rotation": {"angle": -45, "axis": "z", "origin": [8.025, 13.325, 8]},
			"faces": {
				"north": {"uv": [0, 8, 0.5, 8.25], "texture": "#3"},
				"east": {"uv": [5, 3, 6, 3.25], "texture": "#3"},
				"south": {"uv": [8, 0, 8.5, 0.25], "texture": "#3"},
				"west": {"uv": [4, 5, 5, 5.25], "texture": "#3"},
				"up": {"uv": [0.5, 1, 0, 0], "texture": "#3"},
				"down": {"uv": [0.5, 1, 0, 2], "texture": "#3"}
			}
		},
		{
			"name": "hexadecagon",
			"from": [7.82609, 12.325, 7.5],
			"to": [8.22391, 12.625, 8.5],
			"rotation": {"angle": -22.5, "axis": "z", "origin": [8.025, 13.325, 8]},
			"faces": {
				"north": {"uv": [1, 8, 1.5, 8.25], "texture": "#3"},
				"east": {"uv": [5, 4, 6, 4.25], "texture": "#3"},
				"south": {"uv": [8, 1, 8.5, 1.25], "texture": "#3"},
				"west": {"uv": [5, 5, 6, 5.25], "texture": "#3"},
				"up": {"uv": [1.5, 1, 1, 0], "texture": "#3"},
				"down": {"uv": [1.5, 1, 1, 2], "texture": "#3"}
			}
		},
		{
			"name": "hexadecagon",
			"from": [7.82609, 12.325, 7.5],
			"to": [8.22391, 12.625, 8.5],
			"rotation": {"angle": 0, "axis": "y", "origin": [8.025, 13.325, 8]},
			"faces": {
				"north": {"uv": [2, 8, 2.5, 8.25], "texture": "#3"},
				"east": {"uv": [0, 6, 1, 6.25], "texture": "#3"},
				"south": {"uv": [8, 2, 8.5, 2.25], "texture": "#3"},
				"west": {"uv": [6, 0, 7, 0.25], "texture": "#3"},
				"up": {"uv": [0.5, 3, 0, 2], "texture": "#3"},
				"down": {"uv": [2.5, 0, 2, 1], "texture": "#3"}
			}
		},
		{
			"name": "hexadecagon",
			"from": [7.82609, 12.325, 7.5],
			"to": [8.22391, 12.625, 8.5],
			"rotation": {"angle": 22.5, "axis": "z", "origin": [8.025, 13.325, 8]},
			"faces": {
				"north": {"uv": [3, 8, 3.5, 8.25], "texture": "#3"},
				"east": {"uv": [1, 6, 2, 6.25], "texture": "#3"},
				"south": {"uv": [8, 3, 8.5, 3.25], "texture": "#3"},
				"west": {"uv": [6, 1, 7, 1.25], "texture": "#3"},
				"up": {"uv": [1.5, 3, 1, 2], "texture": "#3"},
				"down": {"uv": [2.5, 1, 2, 2], "texture": "#3"}
			}
		},
		{
			"name": "hexadecagon",
			"from": [7.82609, 12.325, 7.5],
			"to": [8.22391, 12.625, 8.5],
			"rotation": {"angle": 45, "axis": "z", "origin": [8.025, 13.325, 8]},
			"faces": {
				"north": {"uv": [4, 8, 4.5, 8.25], "texture": "#3"},
				"east": {"uv": [2, 6, 3, 6.25], "texture": "#3"},
				"south": {"uv": [8, 4, 8.5, 4.25], "texture": "#3"},
				"west": {"uv": [6, 2, 7, 2.25], "texture": "#3"},
				"up": {"uv": [2.5, 3, 2, 2], "texture": "#3"},
				"down": {"uv": [0.5, 3, 0, 4], "texture": "#3"}
			}
		},
		{
			"name": "hexadecagon",
			"from": [7.82609, 14.025, 7.5],
			"to": [8.22391, 14.325, 8.5],
			"rotation": {"angle": -45, "axis": "z", "origin": [8.025, 13.325, 8]},
			"faces": {
				"north": {"uv": [5, 8, 5.5, 8.25], "texture": "#3"},
				"east": {"uv": [3, 6, 4, 6.25], "texture": "#3"},
				"south": {"uv": [8, 5, 8.5, 5.25], "texture": "#3"},
				"west": {"uv": [6, 3, 7, 3.25], "texture": "#3"},
				"up": {"uv": [3.5, 1, 3, 0], "texture": "#3"},
				"down": {"uv": [1.5, 3, 1, 4], "texture": "#3"}
			}
		},
		{
			"name": "hexadecagon",
			"from": [7.82609, 14.025, 7.5],
			"to": [8.22391, 14.325, 8.5],
			"rotation": {"angle": -22.5, "axis": "z", "origin": [8.025, 13.325, 8]},
			"faces": {
				"north": {"uv": [6, 8, 6.5, 8.25], "texture": "#3"},
				"east": {"uv": [4, 6, 5, 6.25], "texture": "#3"},
				"south": {"uv": [8, 6, 8.5, 6.25], "texture": "#3"},
				"west": {"uv": [6, 4, 7, 4.25], "texture": "#3"},
				"up": {"uv": [3.5, 2, 3, 1], "texture": "#3"},
				"down": {"uv": [2.5, 3, 2, 4], "texture": "#3"}
			}
		},
		{
			"name": "hexadecagon",
			"from": [7.82609, 14.025, 7.5],
			"to": [8.22391, 14.325, 8.5],
			"rotation": {"angle": 0, "axis": "y", "origin": [8.025, 13.325, 8]},
			"faces": {
				"north": {"uv": [7, 8, 7.5, 8.25], "texture": "#3"},
				"east": {"uv": [5, 6, 6, 6.25], "texture": "#3"},
				"south": {"uv": [8, 7, 8.5, 7.25], "texture": "#3"},
				"west": {"uv": [6, 5, 7, 5.25], "texture": "#3"},
				"up": {"uv": [3.5, 3, 3, 2], "texture": "#3"},
				"down": {"uv": [3.5, 3, 3, 4], "texture": "#3"}
			}
		},
		{
			"name": "hexadecagon",
			"from": [7.82609, 14.025, 7.5],
			"to": [8.22391, 14.325, 8.5],
			"rotation": {"angle": 22.5, "axis": "z", "origin": [8.025, 13.325, 8]},
			"faces": {
				"north": {"uv": [8, 8, 8.5, 8.25], "texture": "#3"},
				"east": {"uv": [6, 6, 7, 6.25], "texture": "#3"},
				"south": {"uv": [0, 9, 0.5, 9.25], "texture": "#3"},
				"west": {"uv": [0, 7, 1, 7.25], "texture": "#3"},
				"up": {"uv": [0.5, 5, 0, 4], "texture": "#3"},
				"down": {"uv": [4.5, 0, 4, 1], "texture": "#3"}
			}
		},
		{
			"name": "hexadecagon",
			"from": [7.82609, 14.025, 7.5],
			"to": [8.22391, 14.325, 8.5],
			"rotation": {"angle": 45, "axis": "z", "origin": [8.025, 13.325, 8]},
			"faces": {
				"north": {"uv": [9, 0, 9.5, 0.25], "texture": "#3"},
				"east": {"uv": [7, 0, 8, 0.25], "texture": "#3"},
				"south": {"uv": [1, 9, 1.5, 9.25], "texture": "#3"},
				"west": {"uv": [1, 7, 2, 7.25], "texture": "#3"},
				"up": {"uv": [1.5, 5, 1, 4], "texture": "#3"},
				"down": {"uv": [4.5, 1, 4, 2], "texture": "#3"}
			}
		},
		{
			"name": "hexadecagon",
			"from": [7.025, 13.12609, 7.5],
			"to": [7.325, 13.52391, 8.5],
			"rotation": {"angle": -22.5, "axis": "z", "origin": [8.025, 13.325, 8]},
			"faces": {
				"north": {"uv": [9, 1, 9.25, 1.5], "texture": "#3"},
				"east": {"uv": [2, 4, 3, 4.5], "texture": "#3"},
				"south": {"uv": [2, 9, 2.25, 9.5], "texture": "#3"},
				"west": {"uv": [4, 2, 5, 2.5], "texture": "#3"},
				"up": {"uv": [7.25, 2, 7, 1], "texture": "#3"},
				"down": {"uv": [2.25, 7, 2, 8], "texture": "#3"}
			}
		},
		{
			"name": "hexadecagon",
			"from": [7.025, 13.12609, 7.5],
			"to": [7.325, 13.52391, 8.5],
			"rotation": {"angle": 0, "axis": "y", "origin": [8.025, 13.325, 8]},
			"faces": {
				"north": {"uv": [9, 2, 9.25, 2.5], "texture": "#3"},
				"east": {"uv": [3, 4, 4, 4.5], "texture": "#3"},
				"south": {"uv": [3, 9, 3.25, 9.5], "texture": "#3"},
				"west": {"uv": [4, 3, 5, 3.5], "texture": "#3"},
				"up": {"uv": [7.25, 3, 7, 2], "texture": "#3"},
				"down": {"uv": [3.25, 7, 3, 8], "texture": "#3"}
			}
		},
		{
			"name": "hexadecagon",
			"from": [7.025, 13.12609, 7.5],
			"to": [7.325, 13.52391, 8.5],
			"rotation": {"angle": 22.5, "axis": "z", "origin": [8.025, 13.325, 8]},
			"faces": {
				"north": {"uv": [9, 3, 9.25, 3.5], "texture": "#3"},
				"east": {"uv": [4, 4, 5, 4.5], "texture": "#3"},
				"south": {"uv": [4, 9, 4.25, 9.5], "texture": "#3"},
				"west": {"uv": [0, 5, 1, 5.5], "texture": "#3"},
				"up": {"uv": [7.25, 4, 7, 3], "texture": "#3"},
				"down": {"uv": [4.25, 7, 4, 8], "texture": "#3"}
			}
		},
		{
			"name": "hexadecagon",
			"from": [8.725, 13.12609, 7.5],
			"to": [9.025, 13.52391, 8.5],
			"rotation": {"angle": -22.5, "axis": "z", "origin": [8.025, 13.325, 8]},
			"faces": {
				"north": {"uv": [9, 4, 9.25, 4.5], "texture": "#3"},
				"east": {"uv": [5, 0, 6, 0.5], "texture": "#3"},
				"south": {"uv": [5, 9, 5.25, 9.5], "texture": "#3"},
				"west": {"uv": [1, 5, 2, 5.5], "texture": "#3"},
				"up": {"uv": [7.25, 5, 7, 4], "texture": "#3"},
				"down": {"uv": [5.25, 7, 5, 8], "texture": "#3"}
			}
		},
		{
			"name": "hexadecagon",
			"from": [8.725, 13.12609, 7.5],
			"to": [9.025, 13.52391, 8.5],
			"rotation": {"angle": 0, "axis": "y", "origin": [8.025, 13.325, 8]},
			"faces": {
				"north": {"uv": [9, 5, 9.25, 5.5], "texture": "#3"},
				"east": {"uv": [5, 1, 6, 1.5], "texture": "#3"},
				"south": {"uv": [6, 9, 6.25, 9.5], "texture": "#3"},
				"west": {"uv": [2, 5, 3, 5.5], "texture": "#3"},
				"up": {"uv": [7.25, 6, 7, 5], "texture": "#3"},
				"down": {"uv": [6.25, 7, 6, 8], "texture": "#3"}
			}
		},
		{
			"name": "hexadecagon",
			"from": [8.725, 13.12609, 7.5],
			"to": [9.025, 13.52391, 8.5],
			"rotation": {"angle": 22.5, "axis": "z", "origin": [8.025, 13.325, 8]},
			"faces": {
				"north": {"uv": [9, 6, 9.25, 6.5], "texture": "#3"},
				"east": {"uv": [5, 2, 6, 2.5], "texture": "#3"},
				"south": {"uv": [7, 9, 7.25, 9.5], "texture": "#3"},
				"west": {"uv": [3, 5, 4, 5.5], "texture": "#3"},
				"up": {"uv": [7.25, 7, 7, 6], "texture": "#3"},
				"down": {"uv": [7.25, 7, 7, 8], "texture": "#3"}
			}
		},
		{
			"name": "hexadecagon",
			"from": [7.82073, 18.9885, 7.7495],
			"to": [8.36377, 19.398, 8.2395],
			"rotation": {"angle": -45, "axis": "z", "origin": [8.09225, 20.3535, 8.232]},
			"faces": {
				"north": {"uv": [0, 0, 0.5, 0.5], "texture": "#7"},
				"east": {"uv": [0, 1, 0.5, 1.5], "texture": "#7"},
				"south": {"uv": [1, 0, 1.5, 0.5], "texture": "#7"},
				"west": {"uv": [1, 1, 1.5, 1.5], "texture": "#7"},
				"up": {"uv": [0.5, 2.5, 0, 2], "texture": "#7"},
				"down": {"uv": [2.5, 0, 2, 0.5], "texture": "#7"}
			}
		},
		{
			"name": "hexadecagon",
			"from": [7.82073, 18.9885, 7.7495],
			"to": [8.36377, 19.398, 8.2395],
			"rotation": {"angle": -22.5, "axis": "z", "origin": [8.09225, 20.3535, 8.232]},
			"faces": {
				"north": {"uv": [1, 2, 1.5, 2.5], "texture": "#7"},
				"east": {"uv": [2, 1, 2.5, 1.5], "texture": "#7"},
				"south": {"uv": [2, 2, 2.5, 2.5], "texture": "#7"},
				"west": {"uv": [0, 3, 0.5, 3.5], "texture": "#7"},
				"up": {"uv": [3.5, 0.5, 3, 0], "texture": "#7"},
				"down": {"uv": [1.5, 3, 1, 3.5], "texture": "#7"}
			}
		},
		{
			"name": "hexadecagon",
			"from": [7.82073, 18.9885, 7.7495],
			"to": [8.36377, 19.398, 8.2395],
			"rotation": {"angle": 0, "axis": "y", "origin": [8.09225, 20.3535, 8.232]},
			"faces": {
				"north": {"uv": [3, 1, 3.5, 1.5], "texture": "#7"},
				"east": {"uv": [2, 3, 2.5, 3.5], "texture": "#7"},
				"south": {"uv": [3, 2, 3.5, 2.5], "texture": "#7"},
				"west": {"uv": [3, 3, 3.5, 3.5], "texture": "#7"},
				"up": {"uv": [0.5, 4.5, 0, 4], "texture": "#7"},
				"down": {"uv": [4.5, 0, 4, 0.5], "texture": "#7"}
			}
		},
		{
			"name": "hexadecagon",
			"from": [7.82073, 18.9885, 7.7495],
			"to": [8.36377, 19.398, 8.2395],
			"rotation": {"angle": 22.5, "axis": "z", "origin": [8.09225, 20.3535, 8.232]},
			"faces": {
				"north": {"uv": [1, 4, 1.5, 4.5], "texture": "#7"},
				"east": {"uv": [4, 1, 4.5, 1.5], "texture": "#7"},
				"south": {"uv": [2, 4, 2.5, 4.5], "texture": "#7"},
				"west": {"uv": [4, 2, 4.5, 2.5], "texture": "#7"},
				"up": {"uv": [3.5, 4.5, 3, 4], "texture": "#7"},
				"down": {"uv": [4.5, 3, 4, 3.5], "texture": "#7"}
			}
		},
		{
			"name": "hexadecagon",
			"from": [7.82073, 18.9885, 7.7495],
			"to": [8.36377, 19.398, 8.2395],
			"rotation": {"angle": 45, "axis": "z", "origin": [8.09225, 20.3535, 8.232]},
			"faces": {
				"north": {"uv": [4, 4, 4.5, 4.5], "texture": "#7"},
				"east": {"uv": [0, 5, 0.5, 5.5], "texture": "#7"},
				"south": {"uv": [5, 0, 5.5, 0.5], "texture": "#7"},
				"west": {"uv": [1, 5, 1.5, 5.5], "texture": "#7"},
				"up": {"uv": [5.5, 1.5, 5, 1], "texture": "#7"},
				"down": {"uv": [2.5, 5, 2, 5.5], "texture": "#7"}
			}
		},
		{
			"name": "hexadecagon",
			"from": [7.82073, 21.309, 7.7495],
			"to": [8.36377, 21.7185, 8.2395],
			"rotation": {"angle": -45, "axis": "z", "origin": [8.09225, 20.3535, 8.232]},
			"faces": {
				"north": {"uv": [5, 2, 5.5, 2.5], "texture": "#7"},
				"east": {"uv": [3, 5, 3.5, 5.5], "texture": "#7"},
				"south": {"uv": [5, 3, 5.5, 3.5], "texture": "#7"},
				"west": {"uv": [4, 5, 4.5, 5.5], "texture": "#7"},
				"up": {"uv": [5.5, 4.5, 5, 4], "texture": "#7"},
				"down": {"uv": [5.5, 5, 5, 5.5], "texture": "#7"}
			}
		},
		{
			"name": "hexadecagon",
			"from": [7.82073, 21.309, 7.7495],
			"to": [8.36377, 21.7185, 8.2395],
			"rotation": {"angle": -22.5, "axis": "z", "origin": [8.09225, 20.3535, 8.232]},
			"faces": {
				"north": {"uv": [0, 6, 0.5, 6.5], "texture": "#7"},
				"east": {"uv": [6, 0, 6.5, 0.5], "texture": "#7"},
				"south": {"uv": [1, 6, 1.5, 6.5], "texture": "#7"},
				"west": {"uv": [6, 1, 6.5, 1.5], "texture": "#7"},
				"up": {"uv": [2.5, 6.5, 2, 6], "texture": "#7"},
				"down": {"uv": [6.5, 2, 6, 2.5], "texture": "#7"}
			}
		},
		{
			"name": "hexadecagon",
			"from": [7.82073, 21.309, 7.7495],
			"to": [8.36377, 21.7185, 8.2395],
			"rotation": {"angle": 0, "axis": "y", "origin": [8.09225, 20.3535, 8.232]},
			"faces": {
				"north": {"uv": [3, 6, 3.5, 6.5], "texture": "#7"},
				"east": {"uv": [6, 3, 6.5, 3.5], "texture": "#7"},
				"south": {"uv": [4, 6, 4.5, 6.5], "texture": "#7"},
				"west": {"uv": [6, 4, 6.5, 4.5], "texture": "#7"},
				"up": {"uv": [5.5, 6.5, 5, 6], "texture": "#7"},
				"down": {"uv": [6.5, 5, 6, 5.5], "texture": "#7"}
			}
		},
		{
			"name": "hexadecagon",
			"from": [7.82073, 21.309, 7.7495],
			"to": [8.36377, 21.7185, 8.2395],
			"rotation": {"angle": 22.5, "axis": "z", "origin": [8.09225, 20.3535, 8.232]},
			"faces": {
				"north": {"uv": [6, 6, 6.5, 6.5], "texture": "#7"},
				"east": {"uv": [0, 7, 0.5, 7.5], "texture": "#7"},
				"south": {"uv": [7, 0, 7.5, 0.5], "texture": "#7"},
				"west": {"uv": [1, 7, 1.5, 7.5], "texture": "#7"},
				"up": {"uv": [7.5, 1.5, 7, 1], "texture": "#7"},
				"down": {"uv": [2.5, 7, 2, 7.5], "texture": "#7"}
			}
		},
		{
			"name": "hexadecagon",
			"from": [7.82073, 21.309, 7.7495],
			"to": [8.36377, 21.7185, 8.2395],
			"rotation": {"angle": 45, "axis": "z", "origin": [8.09225, 20.3535, 8.232]},
			"faces": {
				"north": {"uv": [7, 2, 7.5, 2.5], "texture": "#7"},
				"east": {"uv": [3, 7, 3.5, 7.5], "texture": "#7"},
				"south": {"uv": [7, 3, 7.5, 3.5], "texture": "#7"},
				"west": {"uv": [4, 7, 4.5, 7.5], "texture": "#7"},
				"up": {"uv": [7.5, 4.5, 7, 4], "texture": "#7"},
				"down": {"uv": [5.5, 7, 5, 7.5], "texture": "#7"}
			}
		},
		{
			"name": "hexadecagon",
			"from": [6.72725, 20.08198, 7.7495],
			"to": [7.13675, 20.62502, 8.2395],
			"rotation": {"angle": -22.5, "axis": "z", "origin": [8.09225, 20.3535, 8.232]},
			"faces": {
				"north": {"uv": [7, 5, 7.5, 5.5], "texture": "#7"},
				"east": {"uv": [6, 7, 6.5, 7.5], "texture": "#7"},
				"south": {"uv": [7, 6, 7.5, 6.5], "texture": "#7"},
				"west": {"uv": [7, 7, 7.5, 7.5], "texture": "#7"},
				"up": {"uv": [0.5, 8.5, 0, 8], "texture": "#7"},
				"down": {"uv": [8.5, 0, 8, 0.5], "texture": "#7"}
			}
		},
		{
			"name": "hexadecagon",
			"from": [6.72725, 20.08198, 7.7495],
			"to": [7.13675, 20.62502, 8.2395],
			"rotation": {"angle": 0, "axis": "y", "origin": [8.09225, 20.3535, 8.232]},
			"faces": {
				"north": {"uv": [1, 8, 1.5, 8.5], "texture": "#7"},
				"east": {"uv": [8, 1, 8.5, 1.5], "texture": "#7"},
				"south": {"uv": [2, 8, 2.5, 8.5], "texture": "#7"},
				"west": {"uv": [8, 2, 8.5, 2.5], "texture": "#7"},
				"up": {"uv": [3.5, 8.5, 3, 8], "texture": "#7"},
				"down": {"uv": [8.5, 3, 8, 3.5], "texture": "#7"}
			}
		},
		{
			"name": "hexadecagon",
			"from": [6.72725, 20.08198, 7.7495],
			"to": [7.13675, 20.62502, 8.2395],
			"rotation": {"angle": 22.5, "axis": "z", "origin": [8.09225, 20.3535, 8.232]},
			"faces": {
				"north": {"uv": [4, 8, 4.5, 8.5], "texture": "#7"},
				"east": {"uv": [8, 4, 8.5, 4.5], "texture": "#7"},
				"south": {"uv": [5, 8, 5.5, 8.5], "texture": "#7"},
				"west": {"uv": [8, 5, 8.5, 5.5], "texture": "#7"},
				"up": {"uv": [6.5, 8.5, 6, 8], "texture": "#7"},
				"down": {"uv": [8.5, 6, 8, 6.5], "texture": "#7"}
			}
		},
		{
			"name": "hexadecagon",
			"from": [9.04775, 20.08198, 7.7495],
			"to": [9.45725, 20.62502, 8.2395],
			"rotation": {"angle": -22.5, "axis": "z", "origin": [8.09225, 20.3535, 8.232]},
			"faces": {
				"north": {"uv": [7, 8, 7.5, 8.5], "texture": "#7"},
				"east": {"uv": [8, 7, 8.5, 7.5], "texture": "#7"},
				"south": {"uv": [8, 8, 8.5, 8.5], "texture": "#7"},
				"west": {"uv": [0, 9, 0.5, 9.5], "texture": "#7"},
				"up": {"uv": [9.5, 0.5, 9, 0], "texture": "#7"},
				"down": {"uv": [1.5, 9, 1, 9.5], "texture": "#7"}
			}
		},
		{
			"name": "hexadecagon",
			"from": [9.04775, 20.08198, 7.7495],
			"to": [9.45725, 20.62502, 8.2395],
			"rotation": {"angle": 0, "axis": "y", "origin": [8.09225, 20.3535, 8.232]},
			"faces": {
				"north": {"uv": [9, 1, 9.5, 1.5], "texture": "#7"},
				"east": {"uv": [2, 9, 2.5, 9.5], "texture": "#7"},
				"south": {"uv": [9, 2, 9.5, 2.5], "texture": "#7"},
				"west": {"uv": [3, 9, 3.5, 9.5], "texture": "#7"},
				"up": {"uv": [9.5, 3.5, 9, 3], "texture": "#7"},
				"down": {"uv": [4.5, 9, 4, 9.5], "texture": "#7"}
			}
		},
		{
			"name": "hexadecagon",
			"from": [9.04775, 20.08198, 7.7495],
			"to": [9.45725, 20.62502, 8.2395],
			"rotation": {"angle": 22.5, "axis": "z", "origin": [8.09225, 20.3535, 8.232]},
			"faces": {
				"north": {"uv": [9, 4, 9.5, 4.5], "texture": "#7"},
				"east": {"uv": [5, 9, 5.5, 9.5], "texture": "#7"},
				"south": {"uv": [9, 5, 9.5, 5.5], "texture": "#7"},
				"west": {"uv": [6, 9, 6.5, 9.5], "texture": "#7"},
				"up": {"uv": [9.5, 6.5, 9, 6], "texture": "#7"},
				"down": {"uv": [7.5, 9, 7, 9.5], "texture": "#7"}
			}
		},
		{
			"from": [8.92182, 21.07903, 7.875],
			"to": [9.37182, 22.45403, 8.125],
			"rotation": {"angle": 0, "axis": "y", "origin": [9.05932, 21.40403, 8]},
			"faces": {
				"north": {"uv": [2, 1, 2.5, 2.5], "texture": "#6"},
				"east": {"uv": [3, 4, 3.25, 5.5], "texture": "#6"},
				"south": {"uv": [0, 3, 0.5, 4.5], "texture": "#6"},
				"west": {"uv": [4, 4, 4.25, 5.5], "texture": "#6"},
				"up": {"uv": [0.5, 8.25, 0, 8], "texture": "#6"},
				"down": {"uv": [8.5, 0, 8, 0.25], "texture": "#6"}
			}
		},
		{
			"from": [8.80932, 22.66653, 7.882],
			"to": [9.93432, 23.06653, 8.112],
			"rotation": {"angle": 45, "axis": "z", "origin": [9.57182, 22.89153, 8]},
			"faces": {
				"north": {"uv": [1, 3, 2.25, 3.5], "texture": "#6"},
				"east": {"uv": [1, 8, 1.25, 8.5], "texture": "#6"},
				"south": {"uv": [3, 1, 4.25, 1.5], "texture": "#6"},
				"west": {"uv": [8, 1, 8.25, 1.5], "texture": "#6"},
				"up": {"uv": [5.25, 0.25, 4, 0], "texture": "#6"},
				"down": {"uv": [6.25, 1, 5, 1.25], "texture": "#6"}
			}
		},
		{
			"from": [9.65932, 23.26653, 7.882],
			"to": [10.25932, 23.46653, 8.112],
			"rotation": {"angle": 45, "axis": "z", "origin": [10.09682, 23.49153, 8]},
			"faces": {
				"north": {"uv": [2, 8, 2.5, 8.25], "texture": "#6"},
				"east": {"uv": [8, 8, 8.25, 8.25], "texture": "#6"},
				"south": {"uv": [8, 2, 8.5, 2.25], "texture": "#6"},
				"west": {"uv": [0, 9, 0.25, 9.25], "texture": "#6"},
				"up": {"uv": [3.5, 8.25, 3, 8], "texture": "#6"},
				"down": {"uv": [8.5, 3, 8, 3.25], "texture": "#6"}
			}
		},
		{
			"from": [9.46021, 21.3318, 7.9],
			"to": [10.78521, 21.9568, 8.1],
			"rotation": {"angle": 45, "axis": "z", "origin": [11.0174, 21.21122, 7.9985]},
			"faces": {
				"north": {"uv": [0, 0, 1.25, 0.75], "texture": "#6"},
				"east": {"uv": [7, 1, 7.25, 1.75], "texture": "#6"},
				"south": {"uv": [0, 1, 1.25, 1.75], "texture": "#6"},
				"west": {"uv": [2, 7, 2.25, 7.75], "texture": "#6"},
				"up": {"uv": [6.25, 2.25, 5, 2], "texture": "#6"},
				"down": {"uv": [6.25, 3, 5, 3.25], "texture": "#6"}
			}
		},
		{
			"from": [10.24891, 20.96969, 7.932],
			"to": [11.47391, 21.29469, 8.062],
			"rotation": {"angle": -22.5, "axis": "z", "origin": [11.03641, 21.16969, 7.997]},
			"faces": {
				"north": {"uv": [5, 4, 6.25, 4.25], "texture": "#6"},
				"east": {"uv": [9, 0, 9.25, 0.25], "texture": "#6"},
				"south": {"uv": [5, 5, 6.25, 5.25], "texture": "#6"},
				"west": {"uv": [1, 9, 1.25, 9.25], "texture": "#6"},
				"up": {"uv": [1.25, 6.25, 0, 6], "texture": "#6"},
				"down": {"uv": [7.25, 0, 6, 0.25], "texture": "#6"}
			}
		},
		{
			"from": [11.365, 20.59469, 7.932],
			"to": [12.435, 20.84469, 8.062],
			"rotation": {"angle": -22.5, "axis": "z", "origin": [12.01141, 20.71969, 7.997]},
			"faces": {
				"north": {"uv": [0, 5, 1, 5.25], "texture": "#6"},
				"east": {"uv": [9, 1, 9.25, 1.25], "texture": "#6"},
				"south": {"uv": [6, 6, 7, 6.25], "texture": "#6"},
				"west": {"uv": [2, 9, 2.25, 9.25], "texture": "#6"},
				"up": {"uv": [1, 7.25, 0, 7], "texture": "#6"},
				"down": {"uv": [2, 7, 1, 7.25], "texture": "#6"}
			}
		},
		{
			"from": [12.31941, 20.45, 7.957],
			"to": [12.91941, 20.65, 8.062],
			"rotation": {"angle": 0, "axis": "y", "origin": [11.7424, 20.33622, 7.9985]},
			"faces": {
				"north": {"uv": [4, 8, 4.5, 8.25], "texture": "#6"},
				"east": {"uv": [9, 2, 9.25, 2.25], "texture": "#6"},
				"south": {"uv": [8, 4, 8.5, 4.25], "texture": "#6"},
				"west": {"uv": [3, 9, 3.25, 9.25], "texture": "#6"},
				"up": {"uv": [5.5, 8.25, 5, 8], "texture": "#6"},
				"down": {"uv": [8.5, 5, 8, 5.25], "texture": "#6"}
			}
		},
		{
			"from": [9.36936, 19.44307, 7.925],
			"to": [10.69436, 20.06807, 8.075],
			"rotation": {"angle": -22.5, "axis": "z", "origin": [10.03186, 19.75557, 8]},
			"faces": {
				"north": {"uv": [0, 2, 1.25, 2.75], "texture": "#6"},
				"east": {"uv": [7, 2, 7.25, 2.75], "texture": "#6"},
				"south": {"uv": [2, 0, 3.25, 0.75], "texture": "#6"},
				"west": {"uv": [3, 7, 3.25, 7.75], "texture": "#6"},
				"up": {"uv": [3.25, 6.25, 2, 6], "texture": "#6"},
				"down": {"uv": [5.25, 6, 4, 6.25], "texture": "#6"}
			}
		},
		{
			"from": [10.62151, 17.98951, 7.932],
			"to": [10.94651, 19.71451, 8.062],
			"rotation": {"angle": 0, "axis": "y", "origin": [10.78401, 18.60201, 7.997]},
			"faces": {
				"north": {"uv": [3, 2, 3.25, 3.75], "texture": "#6"},
				"east": {"uv": [1, 4, 1.25, 5.75], "texture": "#6"},
				"south": {"uv": [2, 4, 2.25, 5.75], "texture": "#6"},
				"west": {"uv": [4, 2, 4.25, 3.75], "texture": "#6"},
				"up": {"uv": [9.25, 3.25, 9, 3], "texture": "#6"},
				"down": {"uv": [4.25, 9, 4, 9.25], "texture": "#6"}
			}
		},
		{
			"from": [10.94651, 18.63951, 7.932],
			"to": [11.12151, 19.31451, 8.062],
			"rotation": {"angle": 0, "axis": "y", "origin": [11.10901, 18.60201, 7.997]},
			"faces": {
				"north": {"uv": [7, 3, 7.25, 3.75], "texture": "#6"},
				"east": {"uv": [4, 7, 4.25, 7.75], "texture": "#6"},
				"south": {"uv": [7, 4, 7.25, 4.75], "texture": "#6"},
				"west": {"uv": [5, 7, 5.25, 7.75], "texture": "#6"},
				"up": {"uv": [9.25, 4.25, 9, 4], "texture": "#6"},
				"down": {"uv": [5.25, 9, 5, 9.25], "texture": "#6"}
			}
		},
		{
			"from": [10.53306, 17.38058, 7.957],
			"to": [10.78306, 18.00058, 8.037],
			"rotation": {"angle": 22.5, "axis": "z", "origin": [10.54897, 18.47601, 8.00325]},
			"faces": {
				"north": {"uv": [6, 8, 6.25, 8.5], "texture": "#6"},
				"east": {"uv": [8, 6, 8.25, 6.5], "texture": "#6"},
				"south": {"uv": [7, 8, 7.25, 8.5], "texture": "#6"},
				"west": {"uv": [8, 7, 8.25, 7.5], "texture": "#6"},
				"up": {"uv": [9.25, 5.25, 9, 5], "texture": "#6"},
				"down": {"uv": [6.25, 9, 6, 9.25], "texture": "#6"}
			}
		},
		{
			"from": [11.51941, 17.9, 7.982],
			"to": [12.36941, 18.1, 8.012],
			"rotation": {"angle": -45, "axis": "z", "origin": [10.79897, 18.32601, 8.00325]},
			"faces": {
				"north": {"uv": [7, 5, 7.75, 5.25], "texture": "#6"},
				"east": {"uv": [9, 6, 9.25, 6.25], "texture": "#6"},
				"south": {"uv": [6, 7, 6.75, 7.25], "texture": "#6"},
				"west": {"uv": [7, 9, 7.25, 9.25], "texture": "#6"},
				"up": {"uv": [7.75, 6.25, 7, 6], "texture": "#6"},
				"down": {"uv": [7.75, 7, 7, 7.25], "texture": "#6"}
			}
		},
		{
			"from": [6.66941, 13.25, 7.957],
			"to": [7.14441, 13.5, 8.062],
			"rotation": {"angle": 0, "axis": "y", "origin": [5.9674, 13.18622, 7.9985]},
			"faces": {
				"north": {"uv": [0, 0, 0.5, 0.25], "texture": "#5"},
				"east": {"uv": [2, 4, 2.125, 4.25], "texture": "#5"},
				"south": {"uv": [0, 1, 0.5, 1.25], "texture": "#5"},
				"west": {"uv": [4, 2, 4.125, 2.25], "texture": "#5"},
				"up": {"uv": [0.5, 2.125, 0, 2], "texture": "#5"},
				"down": {"uv": [2.5, 0, 2, 0.125], "texture": "#5"}
			}
		},
		{
			"from": [6.19441, 13.275, 7.957],
			"to": [6.66941, 13.475, 8.062],
			"rotation": {"angle": 0, "axis": "y", "origin": [5.4924, 13.18622, 7.9985]},
			"faces": {
				"north": {"uv": [1, 0, 1.5, 0.25], "texture": "#5"},
				"east": {"uv": [3, 4, 3.125, 4.25], "texture": "#5"},
				"south": {"uv": [1, 1, 1.5, 1.25], "texture": "#5"},
				"west": {"uv": [4, 3, 4.125, 3.25], "texture": "#5"},
				"up": {"uv": [1.5, 2.125, 1, 2], "texture": "#5"},
				"down": {"uv": [2.5, 1, 2, 1.125], "texture": "#5"}
			}
		},
		{
			"from": [5.91941, 13.3, 7.957],
			"to": [6.19441, 13.425, 8.062],
			"rotation": {"angle": 0, "axis": "y", "origin": [5.0174, 13.18622, 7.9985]},
			"faces": {
				"north": {"uv": [4, 4, 4.25, 4.125], "texture": "#5"},
				"east": {"uv": [4, 6, 4.125, 6.125], "texture": "#5"},
				"south": {"uv": [0, 5, 0.25, 5.125], "texture": "#5"},
				"west": {"uv": [6, 4, 6.125, 4.125], "texture": "#5"},
				"up": {"uv": [5.25, 0.125, 5, 0], "texture": "#5"},
				"down": {"uv": [1.25, 5, 1, 5.125], "texture": "#5"}
			}
		},
		{
			"from": [5.54441, 13.35, 7.957],
			"to": [5.91941, 13.4, 8.062],
			"rotation": {"angle": 0, "axis": "y", "origin": [4.7424, 13.18622, 7.9985]},
			"faces": {
				"north": {"uv": [2, 2, 2.375, 2.125], "texture": "#5"},
				"east": {"uv": [5, 6, 5.125, 6.125], "texture": "#5"},
				"south": {"uv": [0, 3, 0.375, 3.125], "texture": "#5"},
				"west": {"uv": [6, 5, 6.125, 5.125], "texture": "#5"},
				"up": {"uv": [3.375, 0.125, 3, 0], "texture": "#5"},
				"down": {"uv": [1.375, 3, 1, 3.125], "texture": "#5"}
			}
		},
		{
			"from": [6.89003, 12.5695, 7.97247],
			"to": [7.22728, 12.747, 8.04702],
			"rotation": {"angle": 22.5, "axis": "z", "origin": [6.64153, 12.65381, 8.00974]},
			"faces": {
				"north": {"uv": [3, 1, 3.375, 1.125], "texture": "#5"},
				"east": {"uv": [6, 6, 6.125, 6.125], "texture": "#5"},
				"south": {"uv": [2, 3, 2.375, 3.125], "texture": "#5"},
				"west": {"uv": [0, 7, 0.125, 7.125], "texture": "#5"},
				"up": {"uv": [3.375, 2.125, 3, 2], "texture": "#5"},
				"down": {"uv": [3.375, 3, 3, 3.125], "texture": "#5"}
			}
		},
		{
			"from": [6.55278, 12.58725, 7.97247],
			"to": [6.89003, 12.72925, 8.04702],
			"rotation": {"angle": 22.5, "axis": "z", "origin": [6.64153, 12.65381, 8.00974]},
			"faces": {
				"north": {"uv": [0, 4, 0.375, 4.125], "texture": "#5"},
				"east": {"uv": [7, 0, 7.125, 0.125], "texture": "#5"},
				"south": {"uv": [4, 0, 4.375, 0.125], "texture": "#5"},
				"west": {"uv": [1, 7, 1.125, 7.125], "texture": "#5"},
				"up": {"uv": [1.375, 4.125, 1, 4], "texture": "#5"},
				"down": {"uv": [4.375, 1, 4, 1.125], "texture": "#5"}
			}
		},
		{
			"from": [6.35753, 12.605, 7.97247],
			"to": [6.55278, 12.69375, 8.04702],
			"rotation": {"angle": 22.5, "axis": "z", "origin": [6.64153, 12.65381, 8.00974]},
			"faces": {
				"north": {"uv": [5, 1, 5.25, 1.125], "texture": "#5"},
				"east": {"uv": [7, 1, 7.125, 1.125], "texture": "#5"},
				"south": {"uv": [2, 5, 2.25, 5.125], "texture": "#5"},
				"west": {"uv": [2, 7, 2.125, 7.125], "texture": "#5"},
				"up": {"uv": [5.25, 2.125, 5, 2], "texture": "#5"},
				"down": {"uv": [3.25, 5, 3, 5.125], "texture": "#5"}
			}
		},
		{
			"from": [6.09128, 12.6405, 7.97247],
			"to": [6.35753, 12.676, 8.04702],
			"rotation": {"angle": 22.5, "axis": "z", "origin": [6.64153, 12.65381, 8.00974]},
			"faces": {
				"north": {"uv": [5, 3, 5.25, 3.125], "texture": "#5"},
				"east": {"uv": [7, 2, 7.125, 2.125], "texture": "#5"},
				"south": {"uv": [4, 5, 4.25, 5.125], "texture": "#5"},
				"west": {"uv": [3, 7, 3.125, 7.125], "texture": "#5"},
				"up": {"uv": [5.25, 4.125, 5, 4], "texture": "#5"},
				"down": {"uv": [5.25, 5, 5, 5.125], "texture": "#5"}
			}
		},
		{
			"from": [7.39507, 12.30886, 7.98456],
			"to": [7.5873, 12.41004, 8.02705],
			"rotation": {"angle": 45, "axis": "z", "origin": [7.25342, 12.35692, 8.0058]},
			"faces": {
				"north": {"uv": [0, 6, 0.25, 6.125], "texture": "#5"},
				"east": {"uv": [7, 3, 7.125, 3.125], "texture": "#5"},
				"south": {"uv": [6, 0, 6.25, 0.125], "texture": "#5"},
				"west": {"uv": [4, 7, 4.125, 7.125], "texture": "#5"},
				"up": {"uv": [1.25, 6.125, 1, 6], "texture": "#5"},
				"down": {"uv": [6.25, 1, 6, 1.125], "texture": "#5"}
			}
		},
		{
			"from": [7.20283, 12.31898, 7.98456],
			"to": [7.39507, 12.39992, 8.02705],
			"rotation": {"angle": 45, "axis": "z", "origin": [7.25342, 12.35692, 8.0058]},
			"faces": {
				"north": {"uv": [2, 6, 2.25, 6.125], "texture": "#5"},
				"east": {"uv": [7, 4, 7.125, 4.125], "texture": "#5"},
				"south": {"uv": [6, 2, 6.25, 2.125], "texture": "#5"},
				"west": {"uv": [5, 7, 5.125, 7.125], "texture": "#5"},
				"up": {"uv": [3.25, 6.125, 3, 6], "texture": "#5"},
				"down": {"uv": [6.25, 3, 6, 3.125], "texture": "#5"}
			}
		},
		{
			"from": [7.09154, 12.3291, 7.98456],
			"to": [7.20283, 12.37969, 8.02705],
			"rotation": {"angle": 45, "axis": "z", "origin": [7.25342, 12.35692, 8.0058]},
			"faces": {
				"north": {"uv": [7, 5, 7.125, 5.125], "texture": "#5"},
				"east": {"uv": [6, 7, 6.125, 7.125], "texture": "#5"},
				"south": {"uv": [7, 6, 7.125, 6.125], "texture": "#5"},
				"west": {"uv": [7, 7, 7.125, 7.125], "texture": "#5"},
				"up": {"uv": [0.125, 8.125, 0, 8], "texture": "#5"},
				"down": {"uv": [8.125, 0, 8, 0.125], "texture": "#5"}
			}
		},
		{
			"from": [6.93978, 12.34933, 7.98456],
			"to": [7.09154, 12.36957, 8.02705],
			"rotation": {"angle": 45, "axis": "z", "origin": [7.25342, 12.35692, 8.0058]},
			"faces": {
				"north": {"uv": [1, 8, 1.125, 8.125], "texture": "#5"},
				"east": {"uv": [8, 1, 8.125, 1.125], "texture": "#5"},
				"south": {"uv": [2, 8, 2.125, 8.125], "texture": "#5"},
				"west": {"uv": [8, 2, 8.125, 2.125], "texture": "#5"},
				"up": {"uv": [3.125, 8.125, 3, 8], "texture": "#5"},
				"down": {"uv": [8.125, 3, 8, 3.125], "texture": "#5"}
			}
		},
		{
			"from": [7.66941, 3.625, 7.657],
			"to": [8.36941, 4.125, 8.337],
			"rotation": {"angle": 0, "axis": "y", "origin": [7.0924, 3.68622, 7.9985]},
			"faces": {
				"north": {"uv": [6, 8, 7.5, 9], "texture": "#1"},
				"east": {"uv": [8, 6, 9.5, 7], "texture": "#1"},
				"south": {"uv": [8, 8, 9.5, 9], "texture": "#1"},
				"west": {"uv": [0, 10, 1.5, 11], "texture": "#1"},
				"up": {"uv": [7.5, 5.5, 6, 4], "texture": "#1"},
				"down": {"uv": [7.5, 6, 6, 7.5], "texture": "#1"}
			}
		},
		{
			"from": [7.71941, 2.05, 7.732],
			"to": [8.31941, 3.625, 8.262],
			"rotation": {"angle": 0, "axis": "y", "origin": [7.0924, 3.18622, 7.9985]},
			"faces": {
				"north": {"uv": [0, 0, 1, 3], "texture": "#1"},
				"east": {"uv": [2, 0, 3, 3], "texture": "#1"},
				"south": {"uv": [0, 4, 1, 7], "texture": "#1"},
				"west": {"uv": [4, 0, 5, 3], "texture": "#1"},
				"up": {"uv": [11, 1, 10, 0], "texture": "#1"},
				"down": {"uv": [3, 10, 2, 11], "texture": "#1"}
			}
		},
		{
			"from": [7.20691, 1.9125, 7.757],
			"to": [8.15691, 2.4625, 8.237],
			"rotation": {"angle": 45, "axis": "z", "origin": [7.99441, 2.2125, 8.0095]},
			"faces": {
				"north": {"uv": [0, 8, 2, 9], "texture": "#1"},
				"east": {"uv": [10, 2, 11, 3], "texture": "#1"},
				"south": {"uv": [2, 8, 4, 9], "texture": "#1"},
				"west": {"uv": [4, 10, 5, 11], "texture": "#1"},
				"up": {"uv": [6, 9, 4, 8], "texture": "#1"},
				"down": {"uv": [10, 4, 8, 5], "texture": "#1"}
			}
		},
		{
			"from": [6.28379, 1.35617, 7.807],
			"to": [7.60879, 1.73117, 8.187],
			"rotation": {"angle": 22.5, "axis": "z", "origin": [7.13379, 1.55617, 8.0095]},
			"faces": {
				"north": {"uv": [2, 4, 4.5, 5], "texture": "#1"},
				"east": {"uv": [10, 4, 11, 5], "texture": "#1"},
				"south": {"uv": [6, 0, 8.5, 1], "texture": "#1"},
				"west": {"uv": [6, 10, 7, 11], "texture": "#1"},
				"up": {"uv": [4.5, 7, 2, 6], "texture": "#1"},
				"down": {"uv": [8.5, 2, 6, 3], "texture": "#1"}
			}
		},
		{
			"from": [6.05285, 0.33537, 7.882],
			"to": [6.22785, 1.38537, 8.112],
			"rotation": {"angle": -22.5, "axis": "z", "origin": [6.16535, 0.72287, 8.0095]},
			"faces": {
				"north": {"uv": [10, 6, 10.5, 8], "texture": "#1"},
				"east": {"uv": [8, 10, 8.5, 12], "texture": "#1"},
				"south": {"uv": [10, 8, 10.5, 10], "texture": "#1"},
				"west": {"uv": [10, 10, 10.5, 12], "texture": "#1"},
				"up": {"uv": [8.5, 12.5, 8, 12], "texture": "#1"},
				"down": {"uv": [12.5, 8, 12, 8.5], "texture": "#1"}
			}
		},
		{
			"from": [7.74441, 3.075, 7.957],
			"to": [7.96941, 3.6, 8.062],
			"rotation": {"angle": 45, "axis": "z", "origin": [8.09441, 3.8625, 8.0095]},
			"faces": {
				"north": {"uv": [0, 12, 0.5, 13], "texture": "#1"},
				"east": {"uv": [12, 0, 12.5, 1], "texture": "#1"},
				"south": {"uv": [2, 12, 2.5, 13], "texture": "#1"},
				"west": {"uv": [12, 2, 12.5, 3], "texture": "#1"},
				"up": {"uv": [10.5, 12.5, 10, 12], "texture": "#1"},
				"down": {"uv": [12.5, 10, 12, 10.5], "texture": "#1"}
			}
		},
		{
			"from": [7.48191, 2.8125, 7.957],
			"to": [8.00691, 3.0375, 8.062],
			"rotation": {"angle": 45, "axis": "z", "origin": [7.21941, 3.1625, 8.0095]},
			"faces": {
				"north": {"uv": [4, 12, 5, 12.5], "texture": "#1"},
				"east": {"uv": [12, 12, 12.5, 12.5], "texture": "#1"},
				"south": {"uv": [12, 4, 13, 4.5], "texture": "#1"},
				"west": {"uv": [0, 14, 0.5, 14.5], "texture": "#1"},
				"up": {"uv": [7, 12.5, 6, 12], "texture": "#1"},
				"down": {"uv": [13, 6, 12, 6.5], "texture": "#1"}
			}
		},
		{
			"from": [7.13877, 19.384, 7.8745],
			"to": [9.03877, 21.309, 8.1995],
			"rotation": {"angle": 0, "axis": "y", "origin": [7.08877, 19.309, 7.7495]},
			"faces": {
				"north": {"uv": [0, 0, 3.75, 3.75], "texture": "#0"},
				"east": {"uv": [0, 8, 0.75, 11.75], "texture": "#0"},
				"south": {"uv": [0, 4, 3.75, 7.75], "texture": "#0"},
				"west": {"uv": [8, 0, 8.75, 3.75], "texture": "#0"},
				"up": {"uv": [5.75, 8.75, 2, 8], "texture": "#0"},
				"down": {"uv": [11.75, 4, 8, 4.75], "texture": "#0"}
			}
		},
		{
			"from": [7.3213, 12.62532, 7.90839],
			"to": [8.7083, 14.03057, 8.14564],
			"rotation": {"angle": 0, "axis": "y", "origin": [7.2848, 12.59557, 7.81714]},
			"faces": {
				"north": {"uv": [4, 0, 6.75, 2.75], "texture": "#0"},
				"east": {"uv": [6, 8, 6.5, 10.75], "texture": "#0"},
				"south": {"uv": [4, 4, 6.75, 6.75], "texture": "#0"},
				"west": {"uv": [8, 6, 8.5, 8.75], "texture": "#0"},
				"up": {"uv": [12.75, 0.5, 10, 0], "texture": "#0"},
				"down": {"uv": [4.75, 10, 2, 10.5], "texture": "#0"}
			}
		}
	],
	"display": {
		"thirdperson_righthand": {
			"rotation": [17, -90, 0],
			"translation": [0, 0.75, 0.75],
			"scale": [1.48, 1.59, 1.51]
		},
		"thirdperson_lefthand": {
			"rotation": [-180, -77, 70],
			"translation": [0.5, 1.25, 8.75],
			"scale": [1.57, 1.55, 1.53]
		},
		"firstperson_righthand": {
			"rotation": [0, -90, 1],
			"translation": [-1, 2, 2.75]
		},
		"firstperson_lefthand": {
			"rotation": [84, -49, 42],
			"translation": [-5, 7, 8.25]
		},
		"ground": {
			"translation": [0, 7.5, 0],
			"scale": [1.48, 1.48, 1.44]
		},
		"gui": {
			"rotation": [6, -1, 26],
			"translation": [2.5, -2.5, 0],
			"scale": [0.72, 0.71, 0.7]
		},
		"fixed": {
			"rotation": [0, 0, -36],
			"translation": [-0.5, -3.75, 0.5],
			"scale": [0.9, 0.88, 0.86]
		}
	},
	"groups": [
		{
			"name": "lesvie",
			"origin": [8, 8, 8],
			"color": 0,
			"nbt": "{}",
			"children": [
				0,
				1,
				2,
				3,
				4,
				5,
				6,
				7,
				8,
				9,
				10,
				11,
				12,
				13,
				14,
				15,
				16,
				17,
				18,
				19,
				20,
				21,
				22,
				23,
				24,
				25,
				26,
				27,
				28,
				29,
				30,
				31,
				32,
				33,
				34,
				35,
				36,
				37,
				38,
				39,
				40,
				41,
				42,
				43,
				44,
				45,
				46,
				47,
				48
			]
		},
		{
			"name": "hexadecagon",
			"origin": [8, 8, 8],
			"color": 0,
			"nbt": "{}",
			"children": [49, 50, 51, 52, 53, 54, 55, 56]
		},
		{
			"name": "hexadecagon",
			"origin": [8, 8, 8],
			"color": 0,
			"nbt": "{}",
			"children": [57, 58, 59, 60, 61, 62, 63, 64, 65, 66, 67, 68, 69, 70, 71, 72]
		},
		{
			"name": "hexadecagon",
			"origin": [8, 8, 8],
			"color": 0,
			"nbt": "{}",
			"children": [73, 74, 75, 76, 77, 78, 79, 80, 81, 82, 83, 84, 85, 86, 87, 88]
		},
		{
			"name": "roga",
			"origin": [8, 8, 8],
			"color": 0,
			"nbt": "{}",
			"children": [89, 90, 91, 92, 93, 94, 95, 96, 97, 98, 99, 100]
		},
		{
			"name": "konia",
			"origin": [8, 8, 8],
			"color": 0,
			"nbt": "{}",
			"children": [101, 102, 103, 104, 105, 106, 107, 108, 109, 110, 111, 112]
		},
		{
			"name": "konez",
			"origin": [8, 8, 8],
			"color": 0,
			"nbt": "{}",
			"children": [113, 114, 115, 116, 117, 118, 119]
		},
		{
			"name": "animate",
			"origin": [8, 8, 8],
			"color": 0,
			"nbt": "{}",
			"children": [120, 121]
		}
	]
}