{
	"credit": "Made with Blockbench",
	"texture_size": [32, 32],
	"textures": {
		"0": "./ryk",
		"1": "./garda2",
		"2": "./garda",
		"3": "./lesvies",
		"particle": "./ryk"
	},
	"elements": [
		{
			"from": [7.6, 0.35, 7.6],
			"to": [8.4, 5.725, 8.125],
			"faces": {
				"north": {"uv": [0, 0, 0.75, 5.375], "texture": "#0"},
				"east": {"uv": [0, 6, 0.5, 11.375], "texture": "#0"},
				"south": {"uv": [1, 0, 1.75, 5.375], "texture": "#0"},
				"west": {"uv": [6, 0, 6.5, 5.375], "texture": "#0"},
				"up": {"uv": [10.75, 0.5, 10, 0], "texture": "#0"},
				"down": {"uv": [10.75, 1, 10, 1.5], "texture": "#0"}
			}
		},
		{
			"from": [7.7, 0.15, 7.675],
			"to": [8.225, 0.35, 8.025],
			"faces": {
				"north": {"uv": [10, 6, 10.5, 6.25], "texture": "#0"},
				"east": {"uv": [10, 8, 10.375, 8.25], "texture": "#0"},
				"south": {"uv": [10, 7, 10.5, 7.25], "texture": "#0"},
				"west": {"uv": [10, 9, 10.375, 9.25], "texture": "#0"},
				"up": {"uv": [10.5, 2.375, 10, 2], "texture": "#0"},
				"down": {"uv": [10.5, 3, 10, 3.375], "texture": "#0"}
			}
		},
		{
			"from": [7.725, 0.25, 8.025],
			"to": [8.2, 0.35, 8.05],
			"faces": {
				"north": {"uv": [11, 3, 11.5, 3.125], "texture": "#0"},
				"east": {"uv": [11, 12, 11.125, 12.125], "texture": "#0"},
				"south": {"uv": [11, 4, 11.5, 4.125], "texture": "#0"},
				"west": {"uv": [12, 11, 12.125, 11.125], "texture": "#0"},
				"up": {"uv": [11.5, 5.125, 11, 5], "texture": "#0"},
				"down": {"uv": [11.5, 6, 11, 6.125], "texture": "#0"}
			}
		},
		{
			"from": [7.725, 0.25, 7.65],
			"to": [8.2, 0.35, 7.675],
			"faces": {
				"north": {"uv": [11, 7, 11.5, 7.125], "texture": "#0"},
				"east": {"uv": [12, 12, 12.125, 12.125], "texture": "#0"},
				"south": {"uv": [11, 8, 11.5, 8.125], "texture": "#0"},
				"west": {"uv": [0, 13, 0.125, 13.125], "texture": "#0"},
				"up": {"uv": [11.5, 9.125, 11, 9], "texture": "#0"},
				"down": {"uv": [10.5, 11, 10, 11.125], "texture": "#0"}
			}
		},
		{
			"from": [8.225, 0.25, 7.7],
			"to": [8.25, 0.35, 8],
			"faces": {
				"north": {"uv": [13, 0, 13.125, 0.125], "texture": "#0"},
				"east": {"uv": [9, 12, 9.25, 12.125], "texture": "#0"},
				"south": {"uv": [1, 13, 1.125, 13.125], "texture": "#0"},
				"west": {"uv": [12, 9, 12.25, 9.125], "texture": "#0"},
				"up": {"uv": [10.125, 12.25, 10, 12], "texture": "#0"},
				"down": {"uv": [12.125, 10, 12, 10.25], "texture": "#0"}
			}
		},
		{
			"from": [7.65, 0.075, 7.675],
			"to": [8.15, 0.15, 8.025],
			"faces": {
				"north": {"uv": [11, 10, 11.5, 10.125], "texture": "#0"},
				"east": {"uv": [0, 12, 0.375, 12.125], "texture": "#0"},
				"south": {"uv": [11, 11, 11.5, 11.125], "texture": "#0"},
				"west": {"uv": [12, 0, 12.375, 0.125], "texture": "#0"},
				"up": {"uv": [10.5, 4.375, 10, 4], "texture": "#0"},
				"down": {"uv": [10.5, 5, 10, 5.375], "texture": "#0"}
			}
		},
		{
			"from": [7.675, 0.15, 7.675],
			"to": [7.7, 0.175, 8.025],
			"faces": {
				"north": {"uv": [13, 1, 13.125, 1.125], "texture": "#0"},
				"east": {"uv": [1, 12, 1.375, 12.125], "texture": "#0"},
				"south": {"uv": [2, 13, 2.125, 13.125], "texture": "#0"},
				"west": {"uv": [12, 1, 12.375, 1.125], "texture": "#0"},
				"up": {"uv": [2.125, 12.375, 2, 12], "texture": "#0"},
				"down": {"uv": [12.125, 2, 12, 2.375], "texture": "#0"}
			}
		},
		{
			"from": [7.675, 0.325, 7.675],
			"to": [7.7, 0.35, 8.025],
			"faces": {
				"north": {"uv": [13, 2, 13.125, 2.125], "texture": "#0"},
				"east": {"uv": [3, 12, 3.375, 12.125], "texture": "#0"},
				"south": {"uv": [3, 13, 3.125, 13.125], "texture": "#0"},
				"west": {"uv": [12, 3, 12.375, 3.125], "texture": "#0"},
				"up": {"uv": [4.125, 12.375, 4, 12], "texture": "#0"},
				"down": {"uv": [12.125, 4, 12, 4.375], "texture": "#0"}
			}
		},
		{
			"from": [8.15, 0.125, 7.675],
			"to": [8.175, 0.15, 8.025],
			"faces": {
				"north": {"uv": [13, 3, 13.125, 3.125], "texture": "#0"},
				"east": {"uv": [5, 12, 5.375, 12.125], "texture": "#0"},
				"south": {"uv": [4, 13, 4.125, 13.125], "texture": "#0"},
				"west": {"uv": [12, 5, 12.375, 5.125], "texture": "#0"},
				"up": {"uv": [6.125, 12.375, 6, 12], "texture": "#0"},
				"down": {"uv": [12.125, 6, 12, 6.375], "texture": "#0"}
			}
		},
		{
			"from": [8.4, 0.35, 7.7],
			"to": [8.45, 5.725, 8.025],
			"faces": {
				"north": {"uv": [5, 6, 5.125, 11.375], "texture": "#0"},
				"east": {"uv": [1, 6, 1.375, 11.375], "texture": "#0"},
				"south": {"uv": [6, 6, 6.125, 11.375], "texture": "#0"},
				"west": {"uv": [2, 6, 2.375, 11.375], "texture": "#0"},
				"up": {"uv": [7.125, 12.375, 7, 12], "texture": "#0"},
				"down": {"uv": [12.125, 7, 12, 7.375], "texture": "#0"}
			}
		},
		{
			"from": [7.55, 0.35, 7.7],
			"to": [7.6, 5.725, 8.025],
			"faces": {
				"north": {"uv": [7, 0, 7.125, 5.375], "texture": "#0"},
				"east": {"uv": [3, 6, 3.375, 11.375], "texture": "#0"},
				"south": {"uv": [7, 6, 7.125, 11.375], "texture": "#0"},
				"west": {"uv": [4, 6, 4.375, 11.375], "texture": "#0"},
				"up": {"uv": [8.125, 12.375, 8, 12], "texture": "#0"},
				"down": {"uv": [12.125, 8, 12, 8.375], "texture": "#0"}
			}
		},
		{
			"from": [7.7, 0.35, 8.125],
			"to": [8.3, 5.725, 8.175],
			"faces": {
				"north": {"uv": [2, 0, 2.625, 5.375], "texture": "#0"},
				"east": {"uv": [8, 0, 8.125, 5.375], "texture": "#0"},
				"south": {"uv": [3, 0, 3.625, 5.375], "texture": "#0"},
				"west": {"uv": [8, 6, 8.125, 11.375], "texture": "#0"},
				"up": {"uv": [10.625, 10.125, 10, 10], "texture": "#0"},
				"down": {"uv": [11.625, 0, 11, 0.125], "texture": "#0"}
			}
		},
		{
			"from": [7.7, 0.35, 7.55],
			"to": [8.3, 5.725, 7.6],
			"faces": {
				"north": {"uv": [4, 0, 4.625, 5.375], "texture": "#0"},
				"east": {"uv": [9, 0, 9.125, 5.375], "texture": "#0"},
				"south": {"uv": [5, 0, 5.625, 5.375], "texture": "#0"},
				"west": {"uv": [9, 6, 9.125, 11.375], "texture": "#0"},
				"up": {"uv": [11.625, 1.125, 11, 1], "texture": "#0"},
				"down": {"uv": [11.625, 2, 11, 2.125], "texture": "#0"}
			}
		},
		{
			"from": [7.7, 5.55, 8.2],
			"to": [8.3, 5.6, 8.375],
			"faces": {
				"north": {"uv": [0, 0, 0.625, 0.125], "texture": "#1"},
				"east": {"uv": [6, 6, 6.125, 6.125], "texture": "#1"},
				"south": {"uv": [0, 1, 0.625, 1.125], "texture": "#1"},
				"west": {"uv": [0, 7, 0.125, 7.125], "texture": "#1"},
				"up": {"uv": [1.625, 0.125, 1, 0], "texture": "#1"},
				"down": {"uv": [1.625, 1, 1, 1.125], "texture": "#1"}
			}
		},
		{
			"from": [8.3, 5.55, 8.175],
			"to": [8.4, 5.6, 8.35],
			"faces": {
				"north": {"uv": [7, 0, 7.125, 0.125], "texture": "#1"},
				"east": {"uv": [1, 7, 1.125, 7.125], "texture": "#1"},
				"south": {"uv": [7, 1, 7.125, 1.125], "texture": "#1"},
				"west": {"uv": [2, 7, 2.125, 7.125], "texture": "#1"},
				"up": {"uv": [7.125, 2.125, 7, 2], "texture": "#1"},
				"down": {"uv": [3.125, 7, 3, 7.125], "texture": "#1"}
			}
		},
		{
			"from": [8.3, 5.55, 7.375],
			"to": [8.4, 5.6, 7.55],
			"faces": {
				"north": {"uv": [7, 3, 7.125, 3.125], "texture": "#1"},
				"east": {"uv": [4, 7, 4.125, 7.125], "texture": "#1"},
				"south": {"uv": [7, 4, 7.125, 4.125], "texture": "#1"},
				"west": {"uv": [5, 7, 5.125, 7.125], "texture": "#1"},
				"up": {"uv": [7.125, 5.125, 7, 5], "texture": "#1"},
				"down": {"uv": [6.125, 7, 6, 7.125], "texture": "#1"}
			}
		},
		{
			"from": [7.6, 5.55, 8.175],
			"to": [7.7, 5.6, 8.35],
			"faces": {
				"north": {"uv": [7, 6, 7.125, 6.125], "texture": "#1"},
				"east": {"uv": [7, 7, 7.125, 7.125], "texture": "#1"},
				"south": {"uv": [0, 8, 0.125, 8.125], "texture": "#1"},
				"west": {"uv": [8, 0, 8.125, 0.125], "texture": "#1"},
				"up": {"uv": [1.125, 8.125, 1, 8], "texture": "#1"},
				"down": {"uv": [8.125, 1, 8, 1.125], "texture": "#1"}
			}
		},
		{
			"from": [7.6, 5.55, 7.375],
			"to": [7.7, 5.6, 7.55],
			"faces": {
				"north": {"uv": [2, 8, 2.125, 8.125], "texture": "#1"},
				"east": {"uv": [8, 2, 8.125, 2.125], "texture": "#1"},
				"south": {"uv": [3, 8, 3.125, 8.125], "texture": "#1"},
				"west": {"uv": [8, 3, 8.125, 3.125], "texture": "#1"},
				"up": {"uv": [4.125, 8.125, 4, 8], "texture": "#1"},
				"down": {"uv": [8.125, 4, 8, 4.125], "texture": "#1"}
			}
		},
		{
			"from": [7.5, 5.55, 8.1],
			"to": [7.6, 5.6, 8.325],
			"faces": {
				"north": {"uv": [5, 8, 5.125, 8.125], "texture": "#1"},
				"east": {"uv": [5, 3, 5.25, 3.125], "texture": "#1"},
				"south": {"uv": [8, 5, 8.125, 5.125], "texture": "#1"},
				"west": {"uv": [4, 5, 4.25, 5.125], "texture": "#1"},
				"up": {"uv": [5.125, 4.25, 5, 4], "texture": "#1"},
				"down": {"uv": [5.125, 5, 5, 5.25], "texture": "#1"}
			}
		},
		{
			"from": [7.5, 5.55, 7.4],
			"to": [7.6, 5.6, 7.625],
			"faces": {
				"north": {"uv": [6, 8, 6.125, 8.125], "texture": "#1"},
				"east": {"uv": [0, 6, 0.25, 6.125], "texture": "#1"},
				"south": {"uv": [8, 6, 8.125, 6.125], "texture": "#1"},
				"west": {"uv": [6, 0, 6.25, 0.125], "texture": "#1"},
				"up": {"uv": [1.125, 6.25, 1, 6], "texture": "#1"},
				"down": {"uv": [6.125, 1, 6, 1.25], "texture": "#1"}
			}
		},
		{
			"from": [8.4, 5.55, 8.1],
			"to": [8.5, 5.6, 8.325],
			"faces": {
				"north": {"uv": [7, 8, 7.125, 8.125], "texture": "#1"},
				"east": {"uv": [2, 6, 2.25, 6.125], "texture": "#1"},
				"south": {"uv": [8, 7, 8.125, 7.125], "texture": "#1"},
				"west": {"uv": [6, 2, 6.25, 2.125], "texture": "#1"},
				"up": {"uv": [3.125, 6.25, 3, 6], "texture": "#1"},
				"down": {"uv": [6.125, 3, 6, 3.25], "texture": "#1"}
			}
		},
		{
			"from": [8.4, 5.55, 7.4],
			"to": [8.5, 5.6, 7.625],
			"faces": {
				"north": {"uv": [8, 8, 8.125, 8.125], "texture": "#1"},
				"east": {"uv": [4, 6, 4.25, 6.125], "texture": "#1"},
				"south": {"uv": [0, 9, 0.125, 9.125], "texture": "#1"},
				"west": {"uv": [6, 4, 6.25, 4.125], "texture": "#1"},
				"up": {"uv": [5.125, 6.25, 5, 6], "texture": "#1"},
				"down": {"uv": [6.125, 5, 6, 5.25], "texture": "#1"}
			}
		},
		{
			"from": [7.45, 5.55, 7.925],
			"to": [7.5, 5.6, 8.25],
			"faces": {
				"north": {"uv": [9, 0, 9.125, 0.125], "texture": "#1"},
				"east": {"uv": [2, 2, 2.375, 2.125], "texture": "#1"},
				"south": {"uv": [1, 9, 1.125, 9.125], "texture": "#1"},
				"west": {"uv": [0, 3, 0.375, 3.125], "texture": "#1"},
				"up": {"uv": [3.125, 0.375, 3, 0], "texture": "#1"},
				"down": {"uv": [1.125, 3, 1, 3.375], "texture": "#1"}
			}
		},
		{
			"from": [7.4, 5.55, 7.7],
			"to": [7.45, 5.6, 8.025],
			"faces": {
				"north": {"uv": [9, 1, 9.125, 1.125], "texture": "#1"},
				"east": {"uv": [3, 1, 3.375, 1.125], "texture": "#1"},
				"south": {"uv": [2, 9, 2.125, 9.125], "texture": "#1"},
				"west": {"uv": [2, 3, 2.375, 3.125], "texture": "#1"},
				"up": {"uv": [3.125, 2.375, 3, 2], "texture": "#1"},
				"down": {"uv": [3.125, 3, 3, 3.375], "texture": "#1"}
			}
		},
		{
			"from": [8.55, 5.55, 7.7],
			"to": [8.6, 5.6, 8.025],
			"faces": {
				"north": {"uv": [9, 2, 9.125, 2.125], "texture": "#1"},
				"east": {"uv": [0, 4, 0.375, 4.125], "texture": "#1"},
				"south": {"uv": [3, 9, 3.125, 9.125], "texture": "#1"},
				"west": {"uv": [4, 0, 4.375, 0.125], "texture": "#1"},
				"up": {"uv": [1.125, 4.375, 1, 4], "texture": "#1"},
				"down": {"uv": [4.125, 1, 4, 1.375], "texture": "#1"}
			}
		},
		{
			"from": [8.5, 5.55, 7.475],
			"to": [8.55, 5.6, 7.8],
			"faces": {
				"north": {"uv": [9, 3, 9.125, 3.125], "texture": "#1"},
				"east": {"uv": [2, 4, 2.375, 4.125], "texture": "#1"},
				"south": {"uv": [4, 9, 4.125, 9.125], "texture": "#1"},
				"west": {"uv": [4, 2, 4.375, 2.125], "texture": "#1"},
				"up": {"uv": [3.125, 4.375, 3, 4], "texture": "#1"},
				"down": {"uv": [4.125, 3, 4, 3.375], "texture": "#1"}
			}
		},
		{
			"from": [8.5, 5.55, 7.925],
			"to": [8.55, 5.6, 8.25],
			"faces": {
				"north": {"uv": [9, 4, 9.125, 4.125], "texture": "#1"},
				"east": {"uv": [4, 4, 4.375, 4.125], "texture": "#1"},
				"south": {"uv": [5, 9, 5.125, 9.125], "texture": "#1"},
				"west": {"uv": [0, 5, 0.375, 5.125], "texture": "#1"},
				"up": {"uv": [5.125, 0.375, 5, 0], "texture": "#1"},
				"down": {"uv": [1.125, 5, 1, 5.375], "texture": "#1"}
			}
		},
		{
			"from": [7.45, 5.55, 7.475],
			"to": [7.5, 5.6, 7.8],
			"faces": {
				"north": {"uv": [9, 5, 9.125, 5.125], "texture": "#1"},
				"east": {"uv": [5, 1, 5.375, 1.125], "texture": "#1"},
				"south": {"uv": [6, 9, 6.125, 9.125], "texture": "#1"},
				"west": {"uv": [2, 5, 2.375, 5.125], "texture": "#1"},
				"up": {"uv": [5.125, 2.375, 5, 2], "texture": "#1"},
				"down": {"uv": [3.125, 5, 3, 5.375], "texture": "#1"}
			}
		},
		{
			"from": [7.7, 5.55, 7.35],
			"to": [8.3, 5.6, 7.525],
			"faces": {
				"north": {"uv": [0, 2, 0.625, 2.125], "texture": "#1"},
				"east": {"uv": [9, 6, 9.125, 6.125], "texture": "#1"},
				"south": {"uv": [2, 0, 2.625, 0.125], "texture": "#1"},
				"west": {"uv": [7, 9, 7.125, 9.125], "texture": "#1"},
				"up": {"uv": [1.625, 2.125, 1, 2], "texture": "#1"},
				"down": {"uv": [2.625, 1, 2, 1.125], "texture": "#1"}
			}
		},
		{
			"from": [7.6, 5.725, 7.7],
			"to": [8.375, 5.85, 8.025],
			"faces": {
				"north": {"uv": [3, 1, 3.75, 1.125], "texture": "#2"},
				"east": {"uv": [3, 4, 3.375, 4.125], "texture": "#2"},
				"south": {"uv": [2, 3, 2.75, 3.125], "texture": "#2"},
				"west": {"uv": [4, 3, 4.375, 3.125], "texture": "#2"},
				"up": {"uv": [0.75, 0.375, 0, 0], "texture": "#2"},
				"down": {"uv": [0.75, 1, 0, 1.375], "texture": "#2"}
			}
		},
		{
			"from": [7.6, 6.7, 7.7],
			"to": [8.375, 6.825, 8.025],
			"faces": {
				"north": {"uv": [3, 2, 3.75, 2.125], "texture": "#2"},
				"east": {"uv": [4, 4, 4.375, 4.125], "texture": "#2"},
				"south": {"uv": [3, 3, 3.75, 3.125], "texture": "#2"},
				"west": {"uv": [0, 5, 0.375, 5.125], "texture": "#2"},
				"up": {"uv": [1.75, 0.375, 1, 0], "texture": "#2"},
				"down": {"uv": [1.75, 1, 1, 1.375], "texture": "#2"}
			}
		},
		{
			"from": [7.525, 5.85, 7.7],
			"to": [7.625, 5.975, 8.025],
			"faces": {
				"north": {"uv": [0, 12, 0.125, 12.125], "texture": "#2"},
				"east": {"uv": [5, 0, 5.375, 0.125], "texture": "#2"},
				"south": {"uv": [12, 0, 12.125, 0.125], "texture": "#2"},
				"west": {"uv": [1, 5, 1.375, 5.125], "texture": "#2"},
				"up": {"uv": [5.125, 1.375, 5, 1], "texture": "#2"},
				"down": {"uv": [2.125, 5, 2, 5.375], "texture": "#2"}
			}
		},
		{
			"from": [8.35, 5.85, 7.7],
			"to": [8.45, 5.975, 8.025],
			"rotation": {"angle": 0, "axis": "z", "origin": [8.4, 4.9, 7.8625]},
			"faces": {
				"north": {"uv": [1, 12, 1.125, 12.125], "texture": "#2"},
				"east": {"uv": [5, 2, 5.375, 2.125], "texture": "#2"},
				"south": {"uv": [12, 1, 12.125, 1.125], "texture": "#2"},
				"west": {"uv": [3, 5, 3.375, 5.125], "texture": "#2"},
				"up": {"uv": [5.125, 3.375, 5, 3], "texture": "#2"},
				"down": {"uv": [4.125, 5, 4, 5.375], "texture": "#2"}
			}
		},
		{
			"from": [8.45, 5.85, 7.7],
			"to": [8.625, 5.9, 8.025],
			"rotation": {"angle": 0, "axis": "y", "origin": [8.4, 4.9, 7.8625]},
			"faces": {
				"north": {"uv": [2, 12, 2.125, 12.125], "texture": "#2"},
				"east": {"uv": [5, 4, 5.375, 4.125], "texture": "#2"},
				"south": {"uv": [12, 2, 12.125, 2.125], "texture": "#2"},
				"west": {"uv": [5, 5, 5.375, 5.125], "texture": "#2"},
				"up": {"uv": [0.125, 6.375, 0, 6], "texture": "#2"},
				"down": {"uv": [6.125, 0, 6, 0.375], "texture": "#2"}
			}
		},
		{
			"from": [8.375, 5.8, 7.7],
			"to": [8.425, 5.85, 8.025],
			"rotation": {"angle": 0, "axis": "y", "origin": [8.4, 4.9, 7.8625]},
			"faces": {
				"north": {"uv": [3, 12, 3.125, 12.125], "texture": "#2"},
				"east": {"uv": [1, 6, 1.375, 6.125], "texture": "#2"},
				"south": {"uv": [12, 3, 12.125, 3.125], "texture": "#2"},
				"west": {"uv": [6, 1, 6.375, 1.125], "texture": "#2"},
				"up": {"uv": [2.125, 6.375, 2, 6], "texture": "#2"},
				"down": {"uv": [6.125, 2, 6, 2.375], "texture": "#2"}
			}
		},
		{
			"from": [8.625, 5.75, 7.7],
			"to": [8.675, 5.8, 8.025],
			"rotation": {"angle": 0, "axis": "y", "origin": [8.4, 4.9, 7.8625]},
			"faces": {
				"north": {"uv": [4, 12, 4.125, 12.125], "texture": "#2"},
				"east": {"uv": [3, 6, 3.375, 6.125], "texture": "#2"},
				"south": {"uv": [12, 4, 12.125, 4.125], "texture": "#2"},
				"west": {"uv": [6, 3, 6.375, 3.125], "texture": "#2"},
				"up": {"uv": [4.125, 6.375, 4, 6], "texture": "#2"},
				"down": {"uv": [6.125, 4, 6, 4.375], "texture": "#2"}
			}
		},
		{
			"from": [8.525, 5.8, 7.7],
			"to": [8.7, 5.85, 8.025],
			"rotation": {"angle": 0, "axis": "y", "origin": [8.4, 4.9, 7.8625]},
			"faces": {
				"north": {"uv": [5, 12, 5.125, 12.125], "texture": "#2"},
				"east": {"uv": [5, 6, 5.375, 6.125], "texture": "#2"},
				"south": {"uv": [12, 5, 12.125, 5.125], "texture": "#2"},
				"west": {"uv": [6, 5, 6.375, 5.125], "texture": "#2"},
				"up": {"uv": [6.125, 6.375, 6, 6], "texture": "#2"},
				"down": {"uv": [0.125, 7, 0, 7.375], "texture": "#2"}
			}
		},
		{
			"from": [8.4, 5.975, 7.7],
			"to": [8.5, 6.1, 8.025],
			"rotation": {"angle": 0, "axis": "z", "origin": [8.4, 4.9, 7.8625]},
			"faces": {
				"north": {"uv": [6, 12, 6.125, 12.125], "texture": "#2"},
				"east": {"uv": [7, 0, 7.375, 0.125], "texture": "#2"},
				"south": {"uv": [12, 6, 12.125, 6.125], "texture": "#2"},
				"west": {"uv": [1, 7, 1.375, 7.125], "texture": "#2"},
				"up": {"uv": [7.125, 1.375, 7, 1], "texture": "#2"},
				"down": {"uv": [2.125, 7, 2, 7.375], "texture": "#2"}
			}
		},
		{
			"from": [8.325, 6.075, 7.7],
			"to": [8.4, 6.2, 8.025],
			"rotation": {"angle": 0, "axis": "y", "origin": [8.4, 4.9, 7.8625]},
			"faces": {
				"north": {"uv": [7, 12, 7.125, 12.125], "texture": "#2"},
				"east": {"uv": [7, 2, 7.375, 2.125], "texture": "#2"},
				"south": {"uv": [12, 7, 12.125, 7.125], "texture": "#2"},
				"west": {"uv": [3, 7, 3.375, 7.125], "texture": "#2"},
				"up": {"uv": [7.125, 3.375, 7, 3], "texture": "#2"},
				"down": {"uv": [4.125, 7, 4, 7.375], "texture": "#2"}
			}
		},
		{
			"from": [7.9, 5.9, 7.7],
			"to": [7.975, 6.025, 8.025],
			"rotation": {"angle": 0, "axis": "y", "origin": [8.4, 4.9, 7.8625]},
			"faces": {
				"north": {"uv": [8, 12, 8.125, 12.125], "texture": "#2"},
				"east": {"uv": [7, 4, 7.375, 4.125], "texture": "#2"},
				"south": {"uv": [12, 8, 12.125, 8.125], "texture": "#2"},
				"west": {"uv": [5, 7, 5.375, 7.125], "texture": "#2"},
				"up": {"uv": [7.125, 5.375, 7, 5], "texture": "#2"},
				"down": {"uv": [6.125, 7, 6, 7.375], "texture": "#2"}
			}
		},
		{
			"from": [7.975, 6.525, 7.7],
			"to": [8.05, 6.65, 8.025],
			"rotation": {"angle": 0, "axis": "y", "origin": [8.4, 4.9, 7.8625]},
			"faces": {
				"north": {"uv": [9, 12, 9.125, 12.125], "texture": "#2"},
				"east": {"uv": [7, 6, 7.375, 6.125], "texture": "#2"},
				"south": {"uv": [12, 9, 12.125, 9.125], "texture": "#2"},
				"west": {"uv": [7, 7, 7.375, 7.125], "texture": "#2"},
				"up": {"uv": [0.125, 8.375, 0, 8], "texture": "#2"},
				"down": {"uv": [8.125, 0, 8, 0.375], "texture": "#2"}
			}
		},
		{
			"from": [7.95, 6.025, 7.7],
			"to": [8, 6.525, 8.025],
			"rotation": {"angle": 0, "axis": "y", "origin": [8.4, 4.9, 7.8625]},
			"faces": {
				"north": {"uv": [2, 4, 2.125, 4.5], "texture": "#2"},
				"east": {"uv": [0, 2, 0.375, 2.5], "texture": "#2"},
				"south": {"uv": [4, 2, 4.125, 2.5], "texture": "#2"},
				"west": {"uv": [2, 0, 2.375, 0.5], "texture": "#2"},
				"up": {"uv": [1.125, 8.375, 1, 8], "texture": "#2"},
				"down": {"uv": [8.125, 1, 8, 1.375], "texture": "#2"}
			}
		},
		{
			"from": [7.7, 5.85, 7.7],
			"to": [7.925, 5.9, 8.025],
			"rotation": {"angle": 0, "axis": "y", "origin": [8.4, 4.9, 7.8625]},
			"faces": {
				"north": {"uv": [11, 9, 11.25, 9.125], "texture": "#2"},
				"east": {"uv": [2, 8, 2.375, 8.125], "texture": "#2"},
				"south": {"uv": [10, 11, 10.25, 11.125], "texture": "#2"},
				"west": {"uv": [8, 2, 8.375, 2.125], "texture": "#2"},
				"up": {"uv": [0.25, 4.375, 0, 4], "texture": "#2"},
				"down": {"uv": [4.25, 0, 4, 0.375], "texture": "#2"}
			}
		},
		{
			"from": [8.025, 6.65, 7.7],
			"to": [8.25, 6.7, 8.025],
			"rotation": {"angle": 0, "axis": "y", "origin": [8.4, 4.9, 7.8625]},
			"faces": {
				"north": {"uv": [11, 10, 11.25, 10.125], "texture": "#2"},
				"east": {"uv": [3, 8, 3.375, 8.125], "texture": "#2"},
				"south": {"uv": [11, 11, 11.25, 11.125], "texture": "#2"},
				"west": {"uv": [8, 3, 8.375, 3.125], "texture": "#2"},
				"up": {"uv": [1.25, 4.375, 1, 4], "texture": "#2"},
				"down": {"uv": [4.25, 1, 4, 1.375], "texture": "#2"}
			}
		},
		{
			"from": [8, 6.2, 7.7],
			"to": [8.375, 6.25, 8.025],
			"rotation": {"angle": 0, "axis": "y", "origin": [8.4, 4.9, 7.8625]},
			"faces": {
				"north": {"uv": [4, 8, 4.375, 8.125], "texture": "#2"},
				"east": {"uv": [8, 4, 8.375, 4.125], "texture": "#2"},
				"south": {"uv": [5, 8, 5.375, 8.125], "texture": "#2"},
				"west": {"uv": [8, 5, 8.375, 5.125], "texture": "#2"},
				"up": {"uv": [1.375, 2.375, 1, 2], "texture": "#2"},
				"down": {"uv": [2.375, 1, 2, 1.375], "texture": "#2"}
			}
		},
		{
			"from": [7.925, 6.175, 7.7],
			"to": [7.95, 6.275, 8.025],
			"rotation": {"angle": 0, "axis": "y", "origin": [8.4, 4.9, 7.8625]},
			"faces": {
				"north": {"uv": [10, 12, 10.125, 12.125], "texture": "#2"},
				"east": {"uv": [6, 8, 6.375, 8.125], "texture": "#2"},
				"south": {"uv": [12, 10, 12.125, 10.125], "texture": "#2"},
				"west": {"uv": [8, 6, 8.375, 6.125], "texture": "#2"},
				"up": {"uv": [7.125, 8.375, 7, 8], "texture": "#2"},
				"down": {"uv": [8.125, 7, 8, 7.375], "texture": "#2"}
			}
		},
		{
			"from": [8, 6.25, 7.7],
			"to": [8.025, 6.275, 8.025],
			"rotation": {"angle": 0, "axis": "y", "origin": [8.4, 4.9, 7.8625]},
			"faces": {
				"north": {"uv": [11, 12, 11.125, 12.125], "texture": "#2"},
				"east": {"uv": [8, 8, 8.375, 8.125], "texture": "#2"},
				"south": {"uv": [12, 11, 12.125, 11.125], "texture": "#2"},
				"west": {"uv": [0, 9, 0.375, 9.125], "texture": "#2"},
				"up": {"uv": [9.125, 0.375, 9, 0], "texture": "#2"},
				"down": {"uv": [1.125, 9, 1, 9.375], "texture": "#2"}
			}
		},
		{
			"from": [8, 6.175, 7.7],
			"to": [8.025, 6.2, 8.025],
			"rotation": {"angle": 0, "axis": "y", "origin": [8.4, 4.9, 7.8625]},
			"faces": {
				"north": {"uv": [12, 12, 12.125, 12.125], "texture": "#2"},
				"east": {"uv": [9, 1, 9.375, 1.125], "texture": "#2"},
				"south": {"uv": [0, 13, 0.125, 13.125], "texture": "#2"},
				"west": {"uv": [2, 9, 2.375, 9.125], "texture": "#2"},
				"up": {"uv": [9.125, 2.375, 9, 2], "texture": "#2"},
				"down": {"uv": [3.125, 9, 3, 9.375], "texture": "#2"}
			}
		},
		{
			"from": [8.05, 6.625, 7.7],
			"to": [8.1, 6.65, 8.025],
			"rotation": {"angle": 0, "axis": "y", "origin": [8.4, 4.9, 7.8625]},
			"faces": {
				"north": {"uv": [13, 0, 13.125, 0.125], "texture": "#2"},
				"east": {"uv": [9, 3, 9.375, 3.125], "texture": "#2"},
				"south": {"uv": [1, 13, 1.125, 13.125], "texture": "#2"},
				"west": {"uv": [4, 9, 4.375, 9.125], "texture": "#2"},
				"up": {"uv": [9.125, 4.375, 9, 4], "texture": "#2"},
				"down": {"uv": [5.125, 9, 5, 9.375], "texture": "#2"}
			}
		},
		{
			"from": [8, 6.5, 7.7],
			"to": [8.025, 6.525, 8.025],
			"rotation": {"angle": 0, "axis": "y", "origin": [8.4, 4.9, 7.8625]},
			"faces": {
				"north": {"uv": [13, 1, 13.125, 1.125], "texture": "#2"},
				"east": {"uv": [9, 5, 9.375, 5.125], "texture": "#2"},
				"south": {"uv": [2, 13, 2.125, 13.125], "texture": "#2"},
				"west": {"uv": [6, 9, 6.375, 9.125], "texture": "#2"},
				"up": {"uv": [9.125, 6.375, 9, 6], "texture": "#2"},
				"down": {"uv": [7.125, 9, 7, 9.375], "texture": "#2"}
			}
		},
		{
			"from": [8.3, 6.15, 7.7],
			"to": [8.325, 6.2, 8.025],
			"rotation": {"angle": 0, "axis": "y", "origin": [8.4, 4.9, 7.8625]},
			"faces": {
				"north": {"uv": [13, 2, 13.125, 2.125], "texture": "#2"},
				"east": {"uv": [9, 7, 9.375, 7.125], "texture": "#2"},
				"south": {"uv": [3, 13, 3.125, 13.125], "texture": "#2"},
				"west": {"uv": [8, 9, 8.375, 9.125], "texture": "#2"},
				"up": {"uv": [9.125, 8.375, 9, 8], "texture": "#2"},
				"down": {"uv": [9.125, 9, 9, 9.375], "texture": "#2"}
			}
		},
		{
			"from": [7.875, 5.9, 7.7],
			"to": [7.9, 5.95, 8.025],
			"rotation": {"angle": 0, "axis": "y", "origin": [8.4, 4.9, 7.8625]},
			"faces": {
				"north": {"uv": [13, 3, 13.125, 3.125], "texture": "#2"},
				"east": {"uv": [0, 10, 0.375, 10.125], "texture": "#2"},
				"south": {"uv": [4, 13, 4.125, 13.125], "texture": "#2"},
				"west": {"uv": [10, 0, 10.375, 0.125], "texture": "#2"},
				"up": {"uv": [1.125, 10.375, 1, 10], "texture": "#2"},
				"down": {"uv": [10.125, 1, 10, 1.375], "texture": "#2"}
			}
		},
		{
			"from": [7.925, 6.025, 7.7],
			"to": [7.95, 6.075, 8.025],
			"rotation": {"angle": 0, "axis": "y", "origin": [8.4, 4.9, 7.8625]},
			"faces": {
				"north": {"uv": [13, 4, 13.125, 4.125], "texture": "#2"},
				"east": {"uv": [2, 10, 2.375, 10.125], "texture": "#2"},
				"south": {"uv": [5, 13, 5.125, 13.125], "texture": "#2"},
				"west": {"uv": [10, 2, 10.375, 2.125], "texture": "#2"},
				"up": {"uv": [3.125, 10.375, 3, 10], "texture": "#2"},
				"down": {"uv": [10.125, 3, 10, 3.375], "texture": "#2"}
			}
		},
		{
			"from": [7.925, 5.875, 7.7],
			"to": [7.95, 5.9, 8.025],
			"rotation": {"angle": 0, "axis": "y", "origin": [8.4, 4.9, 7.8625]},
			"faces": {
				"north": {"uv": [13, 5, 13.125, 5.125], "texture": "#2"},
				"east": {"uv": [4, 10, 4.375, 10.125], "texture": "#2"},
				"south": {"uv": [6, 13, 6.125, 13.125], "texture": "#2"},
				"west": {"uv": [10, 4, 10.375, 4.125], "texture": "#2"},
				"up": {"uv": [5.125, 10.375, 5, 10], "texture": "#2"},
				"down": {"uv": [10.125, 5, 10, 5.375], "texture": "#2"}
			}
		},
		{
			"from": [8.45, 6.1, 7.7],
			"to": [8.55, 6.45, 8.025],
			"rotation": {"angle": 0, "axis": "z", "origin": [8.4, 4.9, 7.8625]},
			"faces": {
				"north": {"uv": [6, 10, 6.125, 10.375], "texture": "#2"},
				"east": {"uv": [2, 2, 2.375, 2.375], "texture": "#2"},
				"south": {"uv": [10, 6, 10.125, 6.375], "texture": "#2"},
				"west": {"uv": [0, 3, 0.375, 3.375], "texture": "#2"},
				"up": {"uv": [7.125, 10.375, 7, 10], "texture": "#2"},
				"down": {"uv": [10.125, 7, 10, 7.375], "texture": "#2"}
			}
		},
		{
			"from": [8.4, 6.45, 7.7],
			"to": [8.5, 6.575, 8.025],
			"rotation": {"angle": 0, "axis": "z", "origin": [8.4, 4.9, 7.8625]},
			"faces": {
				"north": {"uv": [13, 6, 13.125, 6.125], "texture": "#2"},
				"east": {"uv": [8, 10, 8.375, 10.125], "texture": "#2"},
				"south": {"uv": [7, 13, 7.125, 13.125], "texture": "#2"},
				"west": {"uv": [10, 8, 10.375, 8.125], "texture": "#2"},
				"up": {"uv": [9.125, 10.375, 9, 10], "texture": "#2"},
				"down": {"uv": [10.125, 9, 10, 9.375], "texture": "#2"}
			}
		},
		{
			"from": [8.35, 6.575, 7.7],
			"to": [8.45, 6.7, 8.025],
			"rotation": {"angle": 0, "axis": "z", "origin": [8.4, 4.9, 7.8625]},
			"faces": {
				"north": {"uv": [13, 7, 13.125, 7.125], "texture": "#2"},
				"east": {"uv": [10, 10, 10.375, 10.125], "texture": "#2"},
				"south": {"uv": [8, 13, 8.125, 13.125], "texture": "#2"},
				"west": {"uv": [0, 11, 0.375, 11.125], "texture": "#2"},
				"up": {"uv": [11.125, 0.375, 11, 0], "texture": "#2"},
				"down": {"uv": [1.125, 11, 1, 11.375], "texture": "#2"}
			}
		},
		{
			"from": [7.475, 5.975, 7.7],
			"to": [7.575, 6.1, 8.025],
			"faces": {
				"north": {"uv": [13, 8, 13.125, 8.125], "texture": "#2"},
				"east": {"uv": [11, 1, 11.375, 1.125], "texture": "#2"},
				"south": {"uv": [9, 13, 9.125, 13.125], "texture": "#2"},
				"west": {"uv": [2, 11, 2.375, 11.125], "texture": "#2"},
				"up": {"uv": [11.125, 2.375, 11, 2], "texture": "#2"},
				"down": {"uv": [3.125, 11, 3, 11.375], "texture": "#2"}
			}
		},
		{
			"from": [7.425, 6.1, 7.7],
			"to": [7.525, 6.45, 8.025],
			"faces": {
				"north": {"uv": [11, 3, 11.125, 3.375], "texture": "#2"},
				"east": {"uv": [3, 0, 3.375, 0.375], "texture": "#2"},
				"south": {"uv": [4, 11, 4.125, 11.375], "texture": "#2"},
				"west": {"uv": [1, 3, 1.375, 3.375], "texture": "#2"},
				"up": {"uv": [11.125, 4.375, 11, 4], "texture": "#2"},
				"down": {"uv": [5.125, 11, 5, 11.375], "texture": "#2"}
			}
		},
		{
			"from": [7.475, 6.45, 7.7],
			"to": [7.575, 6.575, 8.025],
			"faces": {
				"north": {"uv": [13, 9, 13.125, 9.125], "texture": "#2"},
				"east": {"uv": [11, 5, 11.375, 5.125], "texture": "#2"},
				"south": {"uv": [10, 13, 10.125, 13.125], "texture": "#2"},
				"west": {"uv": [6, 11, 6.375, 11.125], "texture": "#2"},
				"up": {"uv": [11.125, 6.375, 11, 6], "texture": "#2"},
				"down": {"uv": [7.125, 11, 7, 11.375], "texture": "#2"}
			}
		},
		{
			"from": [7.525, 6.575, 7.7],
			"to": [7.625, 6.7, 8.025],
			"faces": {
				"north": {"uv": [13, 10, 13.125, 10.125], "texture": "#2"},
				"east": {"uv": [11, 7, 11.375, 7.125], "texture": "#2"},
				"south": {"uv": [11, 13, 11.125, 13.125], "texture": "#2"},
				"west": {"uv": [8, 11, 8.375, 11.125], "texture": "#2"},
				"up": {"uv": [11.125, 8.375, 11, 8], "texture": "#2"},
				"down": {"uv": [9.125, 11, 9, 11.375], "texture": "#2"}
			}
		},
		{
			"from": [7.19747, 6.74484, 7.85],
			"to": [7.27247, 6.84484, 7.9],
			"rotation": {"angle": -22.5, "axis": "z", "origin": [7.13688, 6.71027, 7.875]},
			"faces": {
				"north": {"uv": [5.5, 3, 5.5625, 3.0625], "texture": "#3"},
				"east": {"uv": [3.5, 5.5, 3.5625, 5.5625], "texture": "#3"},
				"south": {"uv": [5.5, 3.5, 5.5625, 3.5625], "texture": "#3"},
				"west": {"uv": [4, 5.5, 4.0625, 5.5625], "texture": "#3"},
				"up": {"uv": [5.5625, 4.0625, 5.5, 4], "texture": "#3"},
				"down": {"uv": [4.5625, 5.5, 4.5, 5.5625], "texture": "#3"}
			}
		},
		{
			"from": [7.65, 6.825, 7.75],
			"to": [7.9, 16.675, 7.975],
			"rotation": {"angle": 0, "axis": "y", "origin": [0, 0, -0.025]},
			"faces": {
				"north": {"uv": [0, 0, 0.125, 4.9375], "texture": "#3"},
				"east": {"uv": [0.5, 0, 0.625, 4.9375], "texture": "#3"},
				"south": {"uv": [1, 0, 1.125, 4.9375], "texture": "#3"},
				"west": {"uv": [1.5, 0, 1.625, 4.9375], "texture": "#3"},
				"up": {"uv": [0.625, 5.125, 0.5, 5], "texture": "#3"},
				"down": {"uv": [1.125, 5, 1, 5.125], "texture": "#3"}
			}
		},
		{
			"from": [7.9, 6.825, 7.775],
			"to": [8.1, 16.525, 7.95],
			"rotation": {"angle": 0, "axis": "y", "origin": [0, 0, -0.025]},
			"faces": {
				"north": {"uv": [2, 0, 2.125, 4.875], "texture": "#3"},
				"east": {"uv": [4, 0, 4.0625, 4.875], "texture": "#3"},
				"south": {"uv": [2.5, 0, 2.625, 4.875], "texture": "#3"},
				"west": {"uv": [4.5, 0, 4.5625, 4.875], "texture": "#3"},
				"up": {"uv": [1.625, 5.0625, 1.5, 5], "texture": "#3"},
				"down": {"uv": [2.125, 5, 2, 5.0625], "texture": "#3"}
			}
		},
		{
			"from": [8.1, 6.825, 7.85],
			"to": [8.35, 16.375, 7.875],
			"rotation": {"angle": 0, "axis": "y", "origin": [0, 0, -0.025]},
			"faces": {
				"north": {"uv": [3, 0, 3.125, 4.75], "texture": "#3"},
				"east": {"uv": [0, 5, 0.0625, 9.75], "texture": "#3"},
				"south": {"uv": [3.5, 0, 3.625, 4.75], "texture": "#3"},
				"west": {"uv": [5, 0, 5.0625, 4.75], "texture": "#3"},
				"up": {"uv": [2.625, 5.0625, 2.5, 5], "texture": "#3"},
				"down": {"uv": [3.125, 5, 3, 5.0625], "texture": "#3"}
			}
		},
		{
			"from": [8.1, 16.375, 7.85],
			"to": [8.25, 16.5, 7.875],
			"rotation": {"angle": 0, "axis": "y", "origin": [0, 0, -0.025]},
			"faces": {
				"north": {"uv": [5.5, 4.5, 5.5625, 4.5625], "texture": "#3"},
				"east": {"uv": [5, 5.5, 5.0625, 5.5625], "texture": "#3"},
				"south": {"uv": [5.5, 5, 5.5625, 5.0625], "texture": "#3"},
				"west": {"uv": [5.5, 5.5, 5.5625, 5.5625], "texture": "#3"},
				"up": {"uv": [6.0625, 0.0625, 6, 0], "texture": "#3"},
				"down": {"uv": [0.5625, 6, 0.5, 6.0625], "texture": "#3"}
			}
		},
		{
			"from": [7.9, 16.525, 7.825],
			"to": [8.05, 16.6, 7.925],
			"rotation": {"angle": 0, "axis": "y", "origin": [0, 0, -0.025]},
			"faces": {
				"north": {"uv": [6, 0.5, 6.0625, 0.5625], "texture": "#3"},
				"east": {"uv": [1, 6, 1.0625, 6.0625], "texture": "#3"},
				"south": {"uv": [6, 1, 6.0625, 1.0625], "texture": "#3"},
				"west": {"uv": [1.5, 6, 1.5625, 6.0625], "texture": "#3"},
				"up": {"uv": [6.0625, 1.5625, 6, 1.5], "texture": "#3"},
				"down": {"uv": [2.0625, 6, 2, 6.0625], "texture": "#3"}
			}
		},
		{
			"from": [7.4, 6.9, 7.825],
			"to": [7.65, 6.975, 7.925],
			"rotation": {"angle": 0, "axis": "y", "origin": [0, 0, -0.025]},
			"faces": {
				"north": {"uv": [3.5, 5, 3.625, 5.0625], "texture": "#3"},
				"east": {"uv": [6, 2, 6.0625, 2.0625], "texture": "#3"},
				"south": {"uv": [4, 5, 4.125, 5.0625], "texture": "#3"},
				"west": {"uv": [2.5, 6, 2.5625, 6.0625], "texture": "#3"},
				"up": {"uv": [4.625, 5.0625, 4.5, 5], "texture": "#3"},
				"down": {"uv": [5.125, 5, 5, 5.0625], "texture": "#3"}
			}
		},
		{
			"from": [8.35, 7.25, 7.85],
			"to": [8.5, 7.325, 7.875],
			"rotation": {"angle": 0, "axis": "y", "origin": [0, 0, -0.025]},
			"faces": {
				"north": {"uv": [6, 2.5, 6.0625, 2.5625], "texture": "#3"},
				"east": {"uv": [3, 6, 3.0625, 6.0625], "texture": "#3"},
				"south": {"uv": [6, 3, 6.0625, 3.0625], "texture": "#3"},
				"west": {"uv": [3.5, 6, 3.5625, 6.0625], "texture": "#3"},
				"up": {"uv": [6.0625, 3.5625, 6, 3.5], "texture": "#3"},
				"down": {"uv": [4.0625, 6, 4, 6.0625], "texture": "#3"}
			}
		},
		{
			"from": [8.5, 7.225, 7.85],
			"to": [8.55, 7.35, 7.875],
			"rotation": {"angle": 0, "axis": "y", "origin": [0, 0, -0.025]},
			"faces": {
				"north": {"uv": [6, 4, 6.0625, 4.0625], "texture": "#3"},
				"east": {"uv": [4.5, 6, 4.5625, 6.0625], "texture": "#3"},
				"south": {"uv": [6, 4.5, 6.0625, 4.5625], "texture": "#3"},
				"west": {"uv": [5, 6, 5.0625, 6.0625], "texture": "#3"},
				"up": {"uv": [6.0625, 5.0625, 6, 5], "texture": "#3"},
				"down": {"uv": [5.5625, 6, 5.5, 6.0625], "texture": "#3"}
			}
		},
		{
			"from": [8.3375, 7.1625, 7.85],
			"to": [8.5875, 7.2125, 7.875],
			"rotation": {"angle": 22.5, "axis": "z", "origin": [8.5, 7.1625, 7.875]},
			"faces": {
				"north": {"uv": [5.5, 0, 5.625, 0.0625], "texture": "#3"},
				"east": {"uv": [6, 5.5, 6.0625, 5.5625], "texture": "#3"},
				"south": {"uv": [0.5, 5.5, 0.625, 5.5625], "texture": "#3"},
				"west": {"uv": [6, 6, 6.0625, 6.0625], "texture": "#3"},
				"up": {"uv": [5.625, 0.5625, 5.5, 0.5], "texture": "#3"},
				"down": {"uv": [1.125, 5.5, 1, 5.5625], "texture": "#3"}
			}
		},
		{
			"from": [8.475, 6.875, 7.85],
			"to": [8.575, 7.175, 7.875],
			"rotation": {"angle": 22.5, "axis": "z", "origin": [8.5, 7.1625, 7.875]},
			"faces": {
				"north": {"uv": [5.5, 1, 5.5625, 1.125], "texture": "#3"},
				"east": {"uv": [1.5, 5.5, 1.5625, 5.625], "texture": "#3"},
				"south": {"uv": [5.5, 1.5, 5.5625, 1.625], "texture": "#3"},
				"west": {"uv": [2, 5.5, 2.0625, 5.625], "texture": "#3"},
				"up": {"uv": [6.5625, 0.0625, 6.5, 0], "texture": "#3"},
				"down": {"uv": [0.5625, 6.5, 0.5, 6.5625], "texture": "#3"}
			}
		},
		{
			"from": [7.375, 6.975, 7.85],
			"to": [7.45, 7.125, 7.9],
			"rotation": {"angle": -22.5, "axis": "z", "origin": [7.4125, 7.05, 7.875]},
			"faces": {
				"north": {"uv": [6.5, 0.5, 6.5625, 0.5625], "texture": "#3"},
				"east": {"uv": [1, 6.5, 1.0625, 6.5625], "texture": "#3"},
				"south": {"uv": [6.5, 1, 6.5625, 1.0625], "texture": "#3"},
				"west": {"uv": [1.5, 6.5, 1.5625, 6.5625], "texture": "#3"},
				"up": {"uv": [6.5625, 1.5625, 6.5, 1.5], "texture": "#3"},
				"down": {"uv": [2.0625, 6.5, 2, 6.5625], "texture": "#3"}
			}
		},
		{
			"from": [7.2658, 6.77669, 7.85],
			"to": [7.3408, 7.02669, 7.9],
			"rotation": {"angle": -45, "axis": "z", "origin": [7.3033, 6.85169, 7.875]},
			"faces": {
				"north": {"uv": [5.5, 2, 5.5625, 2.125], "texture": "#3"},
				"east": {"uv": [2.5, 5.5, 2.5625, 5.625], "texture": "#3"},
				"south": {"uv": [5.5, 2.5, 5.5625, 2.625], "texture": "#3"},
				"west": {"uv": [3, 5.5, 3.0625, 5.625], "texture": "#3"},
				"up": {"uv": [6.5625, 2.0625, 6.5, 2], "texture": "#3"},
				"down": {"uv": [2.5625, 6.5, 2.5, 6.5625], "texture": "#3"}
			}
		}
	],
	"display": {
		"thirdperson_righthand": {
			"rotation": [-17, 90, 0],
			"translation": [0, 3.75, -1],
			"scale": [1.5, 1.5, 1.5]
		},
		"thirdperson_lefthand": {
			"rotation": [-156, 90, 0],
			"translation": [-1.5, -6.25, -1.5],
			"scale": [1.5, 1.5, 1.5]
		},
		"firstperson_righthand": {
			"rotation": [-5, 90, 0],
			"translation": [-0.25, 4.75, 1.75],
			"scale": [1.5, 1.43, 1.5]
		},
		"firstperson_lefthand": {
			"rotation": [156, 94, 0],
			"translation": [0, -1.5, 1.75],
			"scale": [1.5, 1.5, 1.5]
		},
		"ground": {
			"translation": [0, 7.5, 0],
			"scale": [1.5, 1.5, 1.5]
		},
		"gui": {
			"rotation": [-33, -156, -38],
			"translation": [0, -0.5, 0]
		},
		"fixed": {
			"rotation": [0, 0, -39],
			"translation": [0, -0.5, 0],
			"scale": [1.21, 1.39, 1.34]
		}
	},
	"groups": [
		{
			"name": "group",
			"origin": [0, 0, 0],
			"color": 0,
			"children": [0, 1, 2, 3, 4, 5, 6, 7, 8, 9, 10, 11, 12]
		},
		{
			"name": "group",
			"origin": [0, 0, 0],
			"color": 0,
			"children": [13, 14, 15, 16, 17, 18, 19, 20, 21, 22, 23, 24, 25, 26, 27, 28]
		},
		{
			"name": "group",
			"origin": [0, 0, 0],
			"color": 0,
			"children": [29, 30, 31, 32, 33, 34, 35, 36, 37, 38, 39, 40, 41, 42, 43, 44, 45, 46, 47, 48, 49, 50, 51, 52, 53, 54, 55, 56, 57, 58, 59, 60]
		},
		{
			"name": "group",
			"origin": [7.3033, 6.85169, 7.875],
			"color": 0,
			"children": [61, 62, 63, 64, 65, 66, 67, 68, 69, 70, 71, 72, 73]
		}
	]
}