{
	"credit": "Made with Blockbench",
	"textures": {
		"wood_stick.png": "./wood",
		"wood_dark_up.png": "./wood_dark",
		"particle": "./pix",
		"pix_still.png": "./pix",
		"obs_grend.png": "./obs",
		"cobl_post.png": "./cobl"
	},
	"elements": [
		{
			"from": [6.75, -12, 8],
			"to": [8.25, 16, 9],
			"faces": {
				"north": {"uv": [4.68167, 1.97583, 5.68833, 12.82333], "texture": "#wood_stick.png"},
				"east": {"uv": [0.93333, 0.8, 1.86, 14.69333], "texture": "#wood_stick.png"},
				"south": {"uv": [7.62667, 2.08, 8.69333, 12.64], "texture": "#wood_stick.png"},
				"west": {"uv": [12.68667, 1.12, 13.56, 15.12], "texture": "#wood_stick.png"},
				"up": {"uv": [3.75, 0.5, 3, 0], "texture": "#wood_stick.png"},
				"down": {"uv": [3.75, 0.5, 3, 1], "texture": "#wood_stick.png"}
			}
		},
		{
			"from": [6.25, 16, 7.5],
			"to": [8.75, 20, 9.5],
			"faces": {
				"north": {"uv": [0.67632, 1.4, 12.2, 15.2], "rotation": 180, "texture": "#obs_grend.png"},
				"east": {"uv": [2.67632, 1.52, 16, 16], "rotation": 180, "texture": "#obs_grend.png"},
				"south": {"uv": [0, 0, 16, 16], "rotation": 180, "texture": "#obs_grend.png"},
				"west": {"uv": [0, 0, 16, 16], "rotation": 180, "texture": "#obs_grend.png"},
				"up": {"uv": [16, 16, 0, 0], "rotation": 180, "texture": "#obs_grend.png"},
				"down": {"uv": [16, 0, 0, 16], "rotation": 180, "texture": "#obs_grend.png"}
			}
		},
		{
			"from": [6.5, -13, 7.75],
			"to": [8.5, -11, 9.25],
			"faces": {
				"north": {"uv": [1.37423, 2.45399, 10.63804, 11.03067], "texture": "#cobl_post.png"},
				"east": {"uv": [1.37423, 4.45399, 10.63804, 13.03067], "texture": "#cobl_post.png"},
				"south": {"uv": [3.37423, 2.45399, 12.63804, 11.03067], "texture": "#cobl_post.png"},
				"west": {"uv": [3.37423, 4.45399, 12.63804, 13.03067], "texture": "#cobl_post.png"},
				"up": {"uv": [10.63804, 15.03067, 1.37423, 6.45399], "texture": "#cobl_post.png"},
				"down": {"uv": [14.63804, 2.45399, 5.37423, 11.03067], "texture": "#cobl_post.png"}
			}
		},
		{
			"from": [6.5, 6.5, 7.75],
			"to": [8.5, 9, 9.25],
			"faces": {
				"north": {"uv": [0, 0, 16, 16], "texture": "#obs_grend.png"},
				"east": {"uv": [0, 3, 16, 16], "texture": "#obs_grend.png"},
				"south": {"uv": [2, 0, 16, 16], "texture": "#obs_grend.png"},
				"west": {"uv": [2, 3, 16, 16], "texture": "#obs_grend.png"},
				"up": {"uv": [16, 16, 4, 0], "texture": "#obs_grend.png"},
				"down": {"uv": [16, 2, 4, 16], "texture": "#obs_grend.png"}
			}
		},
		{
			"from": [8.75, 18, 8.25],
			"to": [13.85, 19, 8.75],
			"faces": {
				"north": {"uv": [10.4, 0, 16, 3.3], "texture": "#pix_still.png"},
				"east": {"uv": [10.4, 0, 11.4, 3.3], "texture": "#pix_still.png"},
				"south": {"uv": [10.4, 0, 16, 3.3], "texture": "#pix_still.png"},
				"west": {"uv": [10.4, 0, 11.4, 3.3], "texture": "#pix_still.png"},
				"up": {"uv": [10.4, 0, 16, 2.8], "texture": "#pix_still.png"},
				"down": {"uv": [10.4, 0, 16, 2.8], "texture": "#pix_still.png"}
			}
		},
		{
			"from": [8.75, 17.9, 8.15],
			"to": [12.05, 19.2, 8.85],
			"faces": {
				"north": {"uv": [7.65, 0, 13.7, 2.75], "texture": "#pix_still.png"},
				"east": {"uv": [7.65, 0, 11.1, 2.75], "texture": "#pix_still.png"},
				"south": {"uv": [7.65, 0, 13.7, 2.75], "texture": "#pix_still.png"},
				"west": {"uv": [7.65, 0, 11.1, 2.75], "texture": "#pix_still.png"},
				"up": {"uv": [7.65, 0, 13.7, 2.15], "texture": "#pix_still.png"},
				"down": {"uv": [7.65, 0, 13.7, 2.15], "texture": "#pix_still.png"}
			}
		},
		{
			"from": [2.6, 17.35, 8],
			"to": [6.75, 19.3, 9],
			"faces": {
				"north": {"uv": [4.35, 0, 14.2, 7.44615], "texture": "#pix_still.png"},
				"east": {"uv": [4.6, 0, 14.2, 7.44615], "texture": "#pix_still.png"},
				"south": {"uv": [4.6, 0, 14.2, 7.44615], "texture": "#pix_still.png"},
				"west": {"uv": [4.6, 0, 14.2, 7.44615], "texture": "#pix_still.png"},
				"up": {"uv": [4.6, 0, 14.2, 6.49615], "texture": "#pix_still.png"},
				"down": {"uv": [4.6, 0, 14.2, 6.49615], "texture": "#pix_still.png"}
			}
		},
		{
			"from": [4.4, 17.25, 7.8],
			"to": [6.75, 19.4, 9.2],
			"faces": {
				"north": {"uv": [4.05, 0, 10.7, 5.1], "texture": "#pix_still.png"},
				"east": {"uv": [4.05, 0, 9.75, 5.1], "texture": "#pix_still.png"},
				"south": {"uv": [4.05, 0, 10.7, 5.1], "texture": "#pix_still.png"},
				"west": {"uv": [4.05, 0, 9.75, 5.1], "texture": "#pix_still.png"},
				"up": {"uv": [4.05, 0, 10.7, 4.35], "texture": "#pix_still.png"},
				"down": {"uv": [4.05, 0, 10.7, 4.35], "texture": "#pix_still.png"}
			}
		},
		{
			"from": [-0.9, 17.65, 8.15],
			"to": [2.75, 18.8, 8.85],
			"faces": {
				"north": {"uv": [3, 0, 13.5, 8.75], "texture": "#pix_still.png"},
				"east": {"uv": [6.75, 1, 13.5, 9.75], "texture": "#pix_still.png"},
				"south": {"uv": [2.35, 0.55, 13.1, 9.3], "texture": "#pix_still.png"},
				"west": {"uv": [6.75, 3, 13.5, 9.95], "texture": "#pix_still.png"},
				"up": {"uv": [13.5, 8.3, 2.75, 0], "texture": "#pix_still.png"},
				"down": {"uv": [13.5, 0, 6.75, 8.3], "texture": "#pix_still.png"}
			}
		},
		{
			"from": [-3.15, 17.55, 8.3],
			"to": [-0.25, 18.35, 8.7],
			"faces": {
				"north": {"uv": [5.05, 0, 12.65, 3.25], "texture": "#pix_still.png"},
				"east": {"uv": [8.05, 0, 13.15, 3.25], "texture": "#pix_still.png"},
				"south": {"uv": [5.05, 1, 12.65, 4.25], "texture": "#pix_still.png"},
				"west": {"uv": [8.05, 1, 13.15, 4.25], "texture": "#pix_still.png"},
				"up": {"uv": [12.65, 4.85, 5.05, 2], "texture": "#pix_still.png"},
				"down": {"uv": [12.65, 3, 5.05, 5.85], "texture": "#pix_still.png"}
			}
		},
		{
			"from": [-3.4, 17.6, 8.3],
			"to": [-2.6, 18.15, 8.7],
			"faces": {
				"north": {"uv": [5.8, 0, 10.65, 3.55], "texture": "#pix_still.png"},
				"east": {"uv": [5.8, 0, 10.25, 3.55], "texture": "#pix_still.png"},
				"south": {"uv": [5.8, 0, 10.65, 3.55], "texture": "#pix_still.png"},
				"west": {"uv": [5.8, 0, 10.15, 3.45], "texture": "#pix_still.png"},
				"up": {"uv": [5.8, 0, 10.65, 3.4], "texture": "#pix_still.png"},
				"down": {"uv": [5.8, 0, 10.65, 3.4], "texture": "#pix_still.png"}
			}
		},
		{
			"from": [-3.75, 17.4, 8.3],
			"to": [-2.95, 17.95, 8.7],
			"faces": {
				"north": {"uv": [6, 0.45, 11.45, 3.45], "texture": "#pix_still.png"},
				"east": {"uv": [6, 0.45, 11.05, 3.45], "texture": "#pix_still.png"},
				"south": {"uv": [6, 0.45, 11.45, 3.45], "texture": "#pix_still.png"},
				"west": {"uv": [6, 0.45, 11.05, 3.45], "texture": "#pix_still.png"},
				"up": {"uv": [6, 0.45, 11.45, 3.3], "texture": "#pix_still.png"},
				"down": {"uv": [6, 0.45, 11.45, 3.3], "texture": "#pix_still.png"}
			}
		},
		{
			"from": [-3.95, 17.3, 8.4],
			"to": [-3.15, 17.75, 8.6],
			"faces": {
				"north": {"uv": [10.05, 7.7, 12.25, 9.05], "texture": "#pix_still.png"},
				"east": {"uv": [10.05, 7.7, 11.65, 9.05], "texture": "#pix_still.png"},
				"south": {"uv": [9.9, 7.7, 12.1, 9.05], "texture": "#pix_still.png"},
				"west": {"uv": [10.05, 7.7, 11.65, 9.05], "texture": "#pix_still.png"},
				"up": {"uv": [10.05, 7.7, 12.25, 8.8], "texture": "#pix_still.png"},
				"down": {"uv": [10.05, 7.7, 12.25, 8.8], "texture": "#pix_still.png"}
			}
		},
		{
			"from": [-4.15, 16.8, 8.4],
			"to": [-3.75, 17.35, 8.6],
			"faces": {
				"north": {"uv": [8.95, 0.1, 12.3, 2.85], "texture": "#pix_still.png"},
				"east": {"uv": [8.95, 0.1, 12.1, 2.85], "texture": "#pix_still.png"},
				"south": {"uv": [9.35, 0.15, 12.15, 3.2], "texture": "#pix_still.png"},
				"west": {"uv": [8.95, 0.1, 12.1, 2.85], "texture": "#pix_still.png"},
				"up": {"uv": [8.95, 0.1, 12.3, 2.5], "texture": "#pix_still.png"},
				"down": {"uv": [8.95, 0.1, 12.3, 2.5], "texture": "#pix_still.png"}
			}
		},
		{
			"from": [7.75, 14, 8.25],
			"to": [9.75, 15, 8.75],
			"faces": {
				"north": {"uv": [5.2, 0, 12.8, 9.05], "texture": "#pix_still.png"},
				"east": {"uv": [5.2, 0, 11.3, 9.05], "texture": "#pix_still.png"},
				"south": {"uv": [5.2, 0, 12.8, 9.05], "texture": "#pix_still.png"},
				"west": {"uv": [5.2, 0, 11.3, 9.05], "texture": "#pix_still.png"},
				"up": {"uv": [5.2, 0, 12.8, 8.55], "texture": "#pix_still.png"},
				"down": {"uv": [5.2, 0, 12.8, 8.55], "texture": "#pix_still.png"}
			}
		},
		{
			"from": [7.75, 13.9, 8.15],
			"to": [8.95, 15.1, 8.85],
			"faces": {
				"north": {"uv": [8.6, 0.55, 15.85, 8.8], "texture": "#pix_still.png"},
				"east": {"uv": [8.6, 0.55, 15.85, 8.8], "texture": "#pix_still.png"},
				"south": {"uv": [8.6, 0.55, 15.85, 8.8], "texture": "#pix_still.png"},
				"west": {"uv": [8.6, 0.55, 15.85, 8.8], "texture": "#pix_still.png"},
				"up": {"uv": [8.6, 0.55, 15.85, 8.3], "texture": "#pix_still.png"},
				"down": {"uv": [8.6, 0.55, 15.85, 8.3], "texture": "#pix_still.png"}
			}
		},
		{
			"from": [8.75, 14.5, 8.35],
			"to": [10.75, 14.9, 8.65],
			"faces": {
				"north": {"uv": [0.25, 2.45, 7.7, 7.15], "texture": "#pix_still.png"},
				"east": {"uv": [0.25, 2.45, 6.2, 7.15], "texture": "#pix_still.png"},
				"south": {"uv": [0.25, 2.45, 7.7, 7.15], "texture": "#pix_still.png"},
				"west": {"uv": [0.25, 2.45, 6.2, 7.15], "texture": "#pix_still.png"},
				"up": {"uv": [0.25, 2.45, 7.7, 7.25], "texture": "#pix_still.png"},
				"down": {"uv": [0.25, 2.45, 7.7, 7.25], "texture": "#pix_still.png"}
			}
		},
		{
			"from": [8.75, 14.2, 8.35],
			"to": [10.15, 14.9, 8.65],
			"faces": {
				"north": {"uv": [2.45, 0, 8.9, 3.9], "texture": "#pix_still.png"},
				"east": {"uv": [2.45, 0, 8, 3.9], "texture": "#pix_still.png"},
				"south": {"uv": [2.45, 0, 8.9, 3.9], "texture": "#pix_still.png"},
				"west": {"uv": [2.45, 0, 8, 3.9], "texture": "#pix_still.png"},
				"up": {"uv": [2.45, 0, 8.9, 3.9], "texture": "#pix_still.png"},
				"down": {"uv": [2.45, 0, 8.9, 3.9], "texture": "#pix_still.png"}
			}
		},
		{
			"from": [8.75, 17.75, 8],
			"to": [10.85, 19.5, 9],
			"faces": {
				"north": {"uv": [6.95, 0, 11.2, 3.35], "texture": "#pix_still.png"},
				"east": {"uv": [6.95, 0, 10.1, 3.35], "texture": "#pix_still.png"},
				"south": {"uv": [6.95, 0, 11.2, 3.35], "texture": "#pix_still.png"},
				"west": {"uv": [6.95, 0, 10.1, 3.35], "texture": "#pix_still.png"},
				"up": {"uv": [6.95, 0, 11.2, 2.6], "texture": "#pix_still.png"},
				"down": {"uv": [6.95, 0, 11.2, 2.6], "texture": "#pix_still.png"}
			}
		},
		{
			"from": [8.75, 17.65, 7.9],
			"to": [10.35, 19.6, 9.1],
			"faces": {
				"north": {"uv": [5.45, 0, 9.7, 4.65], "texture": "#pix_still.png"},
				"east": {"uv": [5.45, 0, 9.3, 4.65], "texture": "#pix_still.png"},
				"south": {"uv": [5.45, 0, 9.7, 4.65], "texture": "#pix_still.png"},
				"west": {"uv": [5.45, 0, 9.3, 4.65], "texture": "#pix_still.png"},
				"up": {"uv": [5.45, 0, 9.7, 3.9], "texture": "#pix_still.png"},
				"down": {"uv": [5.45, 0, 9.7, 3.9], "texture": "#pix_still.png"}
			}
		},
		{
			"from": [6.5, 20, 7.7],
			"to": [8.6, 20.3, 9.3],
			"faces": {
				"north": {"uv": [2.875, 2.1875, 10.625, 10], "texture": "#wood_dark_up.png"},
				"east": {"uv": [2.875, 2.1875, 10.625, 10], "texture": "#wood_dark_up.png"},
				"south": {"uv": [2, 8.125, 16, 14.375], "texture": "#wood_dark_up.png"},
				"west": {"uv": [2.875, 2.1875, 10.625, 10], "texture": "#wood_dark_up.png"},
				"up": {"uv": [2.875, 2.8125, 16, 10], "texture": "#wood_dark_up.png"},
				"down": {"uv": [6.875, 6.6875, 14.625, 14.5], "texture": "#wood_dark_up.png"}
			}
		}
	],
	"display": {
		"thirdperson_righthand": {
			"rotation": [0, -90, -39],
			"translation": [0.5, 2.25, 3.75],
			"scale": [0.85, 0.85, 0.85]
		},
		"thirdperson_lefthand": {
			"rotation": [0, 90, 39],
			"translation": [-0.25, 2.25, 3.75],
			"scale": [0.85, 0.85, 0.85]
		},
		"firstperson_righthand": {
			"rotation": [0, -90, 9],
			"translation": [1.13, 3.2, 1.13],
			"scale": [0.68, 0.68, 0.68]
		},
		"firstperson_lefthand": {
			"rotation": [0, 90, 9],
			"translation": [1.13, 3.2, 1.13],
			"scale": [0.68, 0.68, 0.68]
		},
		"ground": {
			"translation": [0, 11.25, 0],
			"scale": [1, 0.75, 1]
		},
		"gui": {
			"translation": [0.75, 2, 0],
			"scale": [0.67, 0.5, 0.3]
		},
		"fixed": {
			"translation": [0.75, 1.75, -0.75],
			"scale": [0.67, 0.55, 0.3]
		}
	}
}